# FFT输出数据
# 格式: iteration_index hw_re_int hw_im_int hw_re_float hw_im_float ref_re_float ref_im_float
# hw_*: 硬件输出结果
# ref_*: 软件参考结果
# === Iteration 1 ===
0_0 0 0 0.0 0.0 0.0 0.0
0_1 0 0 0.0 0.0 0.0 0.0
0_2 -63 -268435362 -1.1734664440155029E-7 -0.499999824911356 2.953499587852845E-17 -0.4999997004410081
0_3 0 0 0.0 0.0 0.0 0.0
0_4 0 0 0.0 0.0 0.0 0.0
0_5 0 0 0.0 0.0 0.0 0.0
0_6 -31 -3 -5.774199962615967E-8 -5.587935447692871E-9 -2.3472692068643837E-18 4.9363142976893225E-8
0_7 0 0 0.0 0.0 0.0 0.0
0_8 0 0 0.0 0.0 0.0 0.0
0_9 0 0 0.0 0.0 0.0 0.0
0_10 -14 28 -2.60770320892334E-8 5.21540641784668E-8 -1.993256212364988E-18 7.48687309134888E-8
0_11 0 0 0.0 0.0 0.0 0.0
0_12 0 0 0.0 0.0 0.0 0.0
0_13 0 0 0.0 0.0 0.0 0.0
0_14 -15 -6 -2.7939677238464355E-8 -1.1175870895385742E-8 -1.8704405291678846E-18 1.4757251038952143E-8
0_15 0 0 0.0 0.0 0.0 0.0
0_16 0 0 0.0 0.0 0.0 0.0
0_17 0 0 0.0 0.0 0.0 0.0
0_18 -6 -28 -1.1175870895385742E-8 -5.21540641784668E-8 -1.5982862586649256E-18 -2.6481166519527573E-8
0_19 0 0 0.0 0.0 0.0 0.0
0_20 0 0 0.0 0.0 0.0 0.0
0_21 0 0 0.0 0.0 0.0 0.0
0_22 -6 19 -1.1175870895385742E-8 3.5390257835388184E-8 1.3872477723818482E-18 4.499925014684222E-8
0_23 0 0 0.0 0.0 0.0 0.0
0_24 0 0 0.0 0.0 0.0 0.0
0_25 0 0 0.0 0.0 0.0 0.0
0_26 -5 15 -9.313225746154785E-9 2.7939677238464355E-8 3.744701412868992E-18 3.5259606169589575E-8
0_27 0 0 0.0 0.0 0.0 0.0
0_28 0 0 0.0 0.0 0.0 0.0
0_29 0 0 0.0 0.0 0.0 0.0
0_30 -7 -11 -1.30385160446167E-8 -2.0489096641540527E-8 2.2367573500889214E-18 5.257799601565686E-9
0_31 0 0 0.0 0.0 0.0 0.0
0_32 0 0 0.0 0.0 0.0 0.0
0_33 0 0 0.0 0.0 0.0 0.0
0_34 -2 -8 -3.725290298461914E-9 -1.4901161193847656E-8 -5.638523608841622E-18 -1.0765049619061332E-8
0_35 0 0 0.0 0.0 0.0 0.0
0_36 0 0 0.0 0.0 0.0 0.0
0_37 0 0 0.0 0.0 0.0 0.0
0_38 -2 11 -3.725290298461914E-9 2.0489096641540527E-8 -2.1784882761493434E-18 1.3975023566658646E-8
0_39 0 0 0.0 0.0 0.0 0.0
0_40 0 0 0.0 0.0 0.0 0.0
0_41 0 0 0.0 0.0 0.0 0.0
0_42 0 6 0.0 1.1175870895385742E-8 2.711985029660319E-18 5.836971259915853E-9
0_43 0 0 0.0 0.0 0.0 0.0
0_44 0 0 0.0 0.0 0.0 0.0
0_45 0 0 0.0 0.0 0.0 0.0
0_46 -2 16 -3.725290298461914E-9 2.9802322387695312E-8 1.6660556152877466E-18 3.3115020252550254E-8
0_47 0 0 0.0 0.0 0.0 0.0
0_48 0 0 0.0 0.0 0.0 0.0
0_49 0 0 0.0 0.0 0.0 0.0
0_50 -2 -3 -3.725290298461914E-9 -5.587935447692871E-9 -1.8102977161435185E-18 7.791806676159137E-9
0_51 0 0 0.0 0.0 0.0 0.0
0_52 0 0 0.0 0.0 0.0 0.0
0_53 0 0 0.0 0.0 0.0 0.0
0_54 -2 14 -3.725290298461914E-9 2.60770320892334E-8 -8.702925214221092E-19 2.1597680934164907E-8
0_55 0 0 0.0 0.0 0.0 0.0
0_56 0 0 0.0 0.0 0.0 0.0
0_57 0 0 0.0 0.0 0.0 0.0
0_58 -1 -5 -1.862645149230957E-9 -9.313225746154785E-9 2.5499745722590253E-18 -1.0845256986510709E-8
0_59 0 0 0.0 0.0 0.0 0.0
0_60 0 0 0.0 0.0 0.0 0.0
0_61 0 0 0.0 0.0 0.0 0.0
0_62 -3 -26 -5.587935447692871E-9 -4.842877388000488E-8 2.8901517283902164E-17 -2.239014813886399E-8
0_63 0 0 0.0 0.0 0.0 0.0
0_64 0 0 0.0 0.0 0.0 0.0
0_65 0 0 0.0 0.0 0.0 0.0
0_66 0 0 0.0 0.0 -9.530412959784032E-18 -1.6439787258231514E-9
0_67 0 0 0.0 0.0 0.0 0.0
0_68 0 0 0.0 0.0 0.0 0.0
0_69 0 0 0.0 0.0 0.0 0.0
0_70 0 13 0.0 2.421438694000244E-8 3.8276425444452466E-18 1.0208453040534236E-8
0_71 0 0 0.0 0.0 0.0 0.0
0_72 0 0 0.0 0.0 0.0 0.0
0_73 0 0 0.0 0.0 0.0 0.0
0_74 1 -4 1.862645149230957E-9 -7.450580596923828E-9 3.3627653440809274E-18 -1.6288418367040258E-8
0_75 0 0 0.0 0.0 0.0 0.0
0_76 0 0 0.0 0.0 0.0 0.0
0_77 0 0 0.0 0.0 0.0 0.0
0_78 0 -8 0.0 -1.4901161193847656E-8 1.3125690794999483E-18 -7.526506411664477E-10
0_79 0 0 0.0 0.0 0.0 0.0
0_80 0 0 0.0 0.0 0.0 0.0
0_81 0 0 0.0 0.0 0.0 0.0
0_82 1 -24 1.862645149230957E-9 -4.470348358154297E-8 -3.3528797503285987E-18 -4.062942669742002E-8
0_83 0 0 0.0 0.0 0.0 0.0
0_84 0 0 0.0 0.0 0.0 0.0
0_85 0 0 0.0 0.0 0.0 0.0
0_86 2 19 3.725290298461914E-9 3.5390257835388184E-8 -5.15943029460265E-19 2.5311203261035142E-8
0_87 0 0 0.0 0.0 0.0 0.0
0_88 0 0 0.0 0.0 0.0 0.0
0_89 0 0 0.0 0.0 0.0 0.0
0_90 1 -16 1.862645149230957E-9 -2.9802322387695312E-8 -8.054596977221441E-19 -3.1805641741669594E-8
0_91 0 0 0.0 0.0 0.0 0.0
0_92 0 0 0.0 0.0 0.0 0.0
0_93 0 0 0.0 0.0 0.0 0.0
0_94 0 11 0.0 2.0489096641540527E-8 2.5822395692817737E-18 1.9535878611224776E-8
0_95 0 0 0.0 0.0 0.0 0.0
0_96 0 0 0.0 0.0 0.0 0.0
0_97 0 0 0.0 0.0 0.0 0.0
0_98 0 -13 0.0 -2.421438694000244E-8 4.898278602943859E-18 -1.6175649911756987E-8
0_99 0 0 0.0 0.0 0.0 0.0
0_100 0 0 0.0 0.0 0.0 0.0
0_101 0 0 0.0 0.0 0.0 0.0
0_102 0 8 0.0 1.4901161193847656E-8 1.2636629563609397E-18 1.5294470210118932E-8
0_103 0 0 0.0 0.0 0.0 0.0
0_104 0 0 0.0 0.0 0.0 0.0
0_105 0 0 0.0 0.0 0.0 0.0
0_106 1 4 1.862645149230957E-9 7.450580596923828E-9 -4.853915688742178E-19 1.081678650882519E-8
0_107 0 0 0.0 0.0 0.0 0.0
0_108 0 0 0.0 0.0 0.0 0.0
0_109 0 0 0.0 0.0 0.0 0.0
0_110 0 21 0.0 3.91155481338501E-8 -8.698857431233449E-18 4.307525185422074E-8
0_111 0 0 0.0 0.0 0.0 0.0
0_112 0 0 0.0 0.0 0.0 0.0
0_113 0 0 0.0 0.0 0.0 0.0
0_114 0 -6 0.0 -1.1175870895385742E-8 -5.286000221479565E-18 -2.2437737860886182E-8
0_115 0 0 0.0 0.0 0.0 0.0
0_116 0 0 0.0 0.0 0.0 0.0
0_117 0 0 0.0 0.0 0.0 0.0
0_118 0 5 0.0 9.313225746154785E-9 -9.505662639673178E-19 1.1090169519249108E-8
0_119 0 0 0.0 0.0 0.0 0.0
0_120 0 0 0.0 0.0 0.0 0.0
0_121 0 0 0.0 0.0 0.0 0.0
0_122 -1 12 -1.862645149230957E-9 2.2351741790771484E-8 -9.134703571699041E-19 1.7792777202680814E-8
0_123 0 0 0.0 0.0 0.0 0.0
0_124 0 0 0.0 0.0 0.0 0.0
0_125 0 0 0.0 0.0 0.0 0.0
0_126 -1 7 -1.862645149230957E-9 1.30385160446167E-8 -5.611509541422663E-18 4.67814722981894E-9
0_127 0 0 0.0 0.0 0.0 0.0
0_128 0 0 0.0 0.0 0.0 0.0
0_129 0 0 0.0 0.0 0.0 0.0
0_130 1 -6 1.862645149230957E-9 -1.1175870895385742E-8 1.1363414911202886E-18 -1.1900101993675101E-8
0_131 0 0 0.0 0.0 0.0 0.0
0_132 0 0 0.0 0.0 0.0 0.0
0_133 0 0 0.0 0.0 0.0 0.0
0_134 1 3 1.862645149230957E-9 5.587935447692871E-9 -1.8487259021260684E-20 2.5557503268883707E-9
0_135 0 0 0.0 0.0 0.0 0.0
0_136 0 0 0.0 0.0 0.0 0.0
0_137 0 0 0.0 0.0 0.0 0.0
0_138 2 24 3.725290298461914E-9 4.470348358154297E-8 2.037919580996343E-18 3.360199720470999E-8
0_139 0 0 0.0 0.0 0.0 0.0
0_140 0 0 0.0 0.0 0.0 0.0
0_141 0 0 0.0 0.0 0.0 0.0
0_142 1 12 1.862645149230957E-9 2.2351741790771484E-8 -6.169746711293126E-18 3.309888291627068E-8
0_143 0 0 0.0 0.0 0.0 0.0
0_144 0 0 0.0 0.0 0.0 0.0
0_145 0 0 0.0 0.0 0.0 0.0
0_146 2 0 3.725290298461914E-9 0.0 -2.5877133852865543E-18 7.586524575482298E-9
0_147 0 0 0.0 0.0 0.0 0.0
0_148 0 0 0.0 0.0 0.0 0.0
0_149 0 0 0.0 0.0 0.0 0.0
0_150 2 19 3.725290298461914E-9 3.5390257835388184E-8 -7.341987699854441E-19 3.204360860030482E-8
0_151 0 0 0.0 0.0 0.0 0.0
0_152 0 0 0.0 0.0 0.0 0.0
0_153 0 0 0.0 0.0 0.0 0.0
0_154 1 -15 1.862645149230957E-9 -2.7939677238464355E-8 -1.890047336373098E-18 -2.0896805781992274E-8
0_155 0 0 0.0 0.0 0.0 0.0
0_156 0 0 0.0 0.0 0.0 0.0
0_157 0 0 0.0 0.0 0.0 0.0
0_158 1 5 1.862645149230957E-9 9.313225746154785E-9 2.012115203271066E-17 -1.1439735096059806E-9
0_159 0 0 0.0 0.0 0.0 0.0
0_160 0 0 0.0 0.0 0.0 0.0
0_161 0 0 0.0 0.0 0.0 0.0
0_162 2 24 3.725290298461914E-9 4.470348358154297E-8 -1.1088949822104305E-18 3.1637019214348136E-8
0_163 0 0 0.0 0.0 0.0 0.0
0_164 0 0 0.0 0.0 0.0 0.0
0_165 0 0 0.0 0.0 0.0 0.0
0_166 2 5 3.725290298461914E-9 9.313225746154785E-9 3.166466430881225E-18 -8.762195708621439E-10
0_167 0 0 0.0 0.0 0.0 0.0
0_168 0 0 0.0 0.0 0.0 0.0
0_169 0 0 0.0 0.0 0.0 0.0
0_170 2 20 3.725290298461914E-9 3.725290298461914E-8 -2.0049837722946116E-18 2.3727930026502665E-8
0_171 0 0 0.0 0.0 0.0 0.0
0_172 0 0 0.0 0.0 0.0 0.0
0_173 0 0 0.0 0.0 0.0 0.0
0_174 2 4 3.725290298461914E-9 7.450580596923828E-9 5.6597543366361375E-18 -9.768467657901017E-9
0_175 0 0 0.0 0.0 0.0 0.0
0_176 0 0 0.0 0.0 0.0 0.0
0_177 0 0 0.0 0.0 0.0 0.0
0_178 2 -21 3.725290298461914E-9 -3.91155481338501E-8 -2.7529204821650592E-18 -4.364095046338428E-8
0_179 0 0 0.0 0.0 0.0 0.0
0_180 0 0 0.0 0.0 0.0 0.0
0_181 0 0 0.0 0.0 0.0 0.0
0_182 2 -10 3.725290298461914E-9 -1.862645149230957E-8 -1.3969385650999207E-18 -2.082883861714049E-8
0_183 0 0 0.0 0.0 0.0 0.0
0_184 0 0 0.0 0.0 0.0 0.0
0_185 0 0 0.0 0.0 0.0 0.0
0_186 1 17 1.862645149230957E-9 3.166496753692627E-8 4.411241294645374E-19 3.016302788734383E-8
0_187 0 0 0.0 0.0 0.0 0.0
0_188 0 0 0.0 0.0 0.0 0.0
0_189 0 0 0.0 0.0 0.0 0.0
0_190 1 10 1.862645149230957E-9 1.862645149230957E-8 2.8789364918202654E-17 6.2514903420875575E-9
0_191 0 0 0.0 0.0 0.0 0.0
0_192 0 0 0.0 0.0 0.0 0.0
0_193 0 0 0.0 0.0 0.0 0.0
0_194 1 -5 1.862645149230957E-9 -9.313225746154785E-9 -1.2003380618029606E-17 -2.6900919508317165E-8
0_195 0 0 0.0 0.0 0.0 0.0
0_196 0 0 0.0 0.0 0.0 0.0
0_197 0 0 0.0 0.0 0.0 0.0
0_198 1 22 1.862645149230957E-9 4.0978193283081055E-8 3.0250324014099174E-18 1.4597681976419642E-8
0_199 0 0 0.0 0.0 0.0 0.0
0_200 0 0 0.0 0.0 0.0 0.0
0_201 0 0 0.0 0.0 0.0 0.0
0_202 2 7 3.725290298461914E-9 1.30385160446167E-8 -4.822724898119747E-18 -7.819342775634891E-10
0_203 0 0 0.0 0.0 0.0 0.0
0_204 0 0 0.0 0.0 0.0 0.0
0_205 0 0 0.0 0.0 0.0 0.0
0_206 1 -17 1.862645149230957E-9 -3.166496753692627E-8 -6.330454049036919E-18 -2.7213955504985006E-8
0_207 0 0 0.0 0.0 0.0 0.0
0_208 0 0 0.0 0.0 0.0 0.0
0_209 0 0 0.0 0.0 0.0 0.0
0_210 2 -21 3.725290298461914E-9 -3.91155481338501E-8 4.657377242186392E-18 -4.310519989668606E-8
0_211 0 0 0.0 0.0 0.0 0.0
0_212 0 0 0.0 0.0 0.0 0.0
0_213 0 0 0.0 0.0 0.0 0.0
0_214 2 -1 3.725290298461914E-9 -1.862645149230957E-9 -2.435320515119122E-18 -2.0277486254350363E-9
0_215 0 0 0.0 0.0 0.0 0.0
0_216 0 0 0.0 0.0 0.0 0.0
0_217 0 0 0.0 0.0 0.0 0.0
0_218 2 1 3.725290298461914E-9 1.862645149230957E-9 -1.9894564358958121E-19 -8.140864596684708E-9
0_219 0 0 0.0 0.0 0.0 0.0
0_220 0 0 0.0 0.0 0.0 0.0
0_221 0 0 0.0 0.0 0.0 0.0
0_222 1 28 1.862645149230957E-9 5.21540641784668E-8 1.2581171723657711E-17 2.0605357060863522E-8
0_223 0 0 0.0 0.0 0.0 0.0
0_224 0 0 0.0 0.0 0.0 0.0
0_225 0 0 0.0 0.0 0.0 0.0
0_226 1 26 1.862645149230957E-9 4.842877388000488E-8 7.108227492722721E-19 3.114603520226525E-8
0_227 0 0 0.0 0.0 0.0 0.0
0_228 0 0 0.0 0.0 0.0 0.0
0_229 0 0 0.0 0.0 0.0 0.0
0_230 1 7 1.862645149230957E-9 1.30385160446167E-8 2.326239732502164E-18 8.991553135755147E-9
0_231 0 0 0.0 0.0 0.0 0.0
0_232 0 0 0.0 0.0 0.0 0.0
0_233 0 0 0.0 0.0 0.0 0.0
0_234 2 11 3.725290298461914E-9 2.0489096641540527E-8 -2.6011582755654147E-18 6.981335922327766E-9
0_235 0 0 0.0 0.0 0.0 0.0
0_236 0 0 0.0 0.0 0.0 0.0
0_237 0 0 0.0 0.0 0.0 0.0
0_238 1 0 1.862645149230957E-9 0.0 1.5237470491138174E-18 1.6987886177648293E-8
0_239 0 0 0.0 0.0 0.0 0.0
0_240 0 0 0.0 0.0 0.0 0.0
0_241 0 0 0.0 0.0 0.0 0.0
0_242 1 23 1.862645149230957E-9 4.284083843231201E-8 3.603043114054106E-18 3.821943922975773E-8
0_243 0 0 0.0 0.0 0.0 0.0
0_244 0 0 0.0 0.0 0.0 0.0
0_245 0 0 0.0 0.0 0.0 0.0
0_246 1 -8 1.862645149230957E-9 -1.4901161193847656E-8 7.223258748114567E-19 -3.1199426372261475E-9
0_247 0 0 0.0 0.0 0.0 0.0
0_248 0 0 0.0 0.0 0.0 0.0
0_249 0 0 0.0 0.0 0.0 0.0
0_250 2 9 3.725290298461914E-9 1.6763806343078613E-8 1.442901476221889E-18 5.386156408754198E-9
0_251 0 0 0.0 0.0 0.0 0.0
0_252 0 0 0.0 0.0 0.0 0.0
0_253 0 0 0.0 0.0 0.0 0.0
0_254 0 -6 0.0 -1.1175870895385742E-8 9.496282330949707E-18 -3.133297477031505E-8
0_255 0 0 0.0 0.0 0.0 0.0
0_256 0 0 0.0 0.0 0.0 0.0
0_257 0 0 0.0 0.0 0.0 0.0
0_258 1 14 1.862645149230957E-9 2.60770320892334E-8 -3.4247501650308818E-18 3.1332974714803896E-8
0_259 0 0 0.0 0.0 0.0 0.0
0_260 0 0 0.0 0.0 0.0 0.0
0_261 0 0 0.0 0.0 0.0 0.0
0_262 1 -7 1.862645149230957E-9 -1.30385160446167E-8 9.149350872395824E-19 -5.386156407845556E-9
0_263 0 0 0.0 0.0 0.0 0.0
0_264 0 0 0.0 0.0 0.0 0.0
0_265 0 0 0.0 0.0 0.0 0.0
0_266 2 8 3.725290298461914E-9 1.4901161193847656E-8 1.2663398967978588E-19 3.1199426371144913E-9
0_267 0 0 0.0 0.0 0.0 0.0
0_268 0 0 0.0 0.0 0.0 0.0
0_269 0 0 0.0 0.0 0.0 0.0
0_270 1 -22 1.862645149230957E-9 -4.0978193283081055E-8 4.213428208406556E-18 -3.821943923990857E-8
0_271 0 0 0.0 0.0 0.0 0.0
0_272 0 0 0.0 0.0 0.0 0.0
0_273 0 0 0.0 0.0 0.0 0.0
0_274 2 0 3.725290298461914E-9 0.0 2.1683505573570467E-18 -1.6987886184447155E-8
0_275 0 0 0.0 0.0 0.0 0.0
0_276 0 0 0.0 0.0 0.0 0.0
0_277 0 0 0.0 0.0 0.0 0.0
0_278 2 3 3.725290298461914E-9 5.587935447692871E-9 -5.339271767480866E-19 -6.981335923404739E-9
0_279 0 0 0.0 0.0 0.0 0.0
0_280 0 0 0.0 0.0 0.0 0.0
0_281 0 0 0.0 0.0 0.0 0.0
0_282 3 -5 5.587935447692871E-9 -9.313225746154785E-9 1.985275015078901E-18 -8.99155313673026E-9
0_283 0 0 0.0 0.0 0.0 0.0
0_284 0 0 0.0 0.0 0.0 0.0
0_285 0 0 0.0 0.0 0.0 0.0
0_286 1 -19 1.862645149230957E-9 -3.5390257835388184E-8 1.7249754595681352E-17 -3.114603519864598E-8
0_287 0 0 0.0 0.0 0.0 0.0
0_288 0 0 0.0 0.0 0.0 0.0
0_289 0 0 0.0 0.0 0.0 0.0
0_290 2 -12 3.725290298461914E-9 -2.2351741790771484E-8 2.3014582057102322E-19 -2.0605357064884222E-8
0_291 0 0 0.0 0.0 0.0 0.0
0_292 0 0 0.0 0.0 0.0 0.0
0_293 0 0 0.0 0.0 0.0 0.0
0_294 2 3 3.725290298461914E-9 5.587935447692871E-9 1.4928606231011333E-19 8.140864598860808E-9
0_295 0 0 0.0 0.0 0.0 0.0
0_296 0 0 0.0 0.0 0.0 0.0
0_297 0 0 0.0 0.0 0.0 0.0
0_298 4 6 7.450580596923828E-9 1.1175870895385742E-8 -2.1428469664591042E-18 2.0277486253775605E-9
0_299 0 0 0.0 0.0 0.0 0.0
0_300 0 0 0.0 0.0 0.0 0.0
0_301 0 0 0.0 0.0 0.0 0.0
0_302 2 24 3.725290298461914E-9 4.470348358154297E-8 1.0881766636789022E-17 4.310519989869588E-8
0_303 0 0 0.0 0.0 0.0 0.0
0_304 0 0 0.0 0.0 0.0 0.0
0_305 0 0 0.0 0.0 0.0 0.0
0_306 2 17 3.725290298461914E-9 3.166496753692627E-8 5.025749513482542E-18 2.7213955506229886E-8
0_307 0 0 0.0 0.0 0.0 0.0
0_308 0 0 0.0 0.0 0.0 0.0
0_309 0 0 0.0 0.0 0.0 0.0
0_310 2 -2 3.725290298461914E-9 -3.725290298461914E-9 -3.2890860921741447E-18 7.819342748540127E-10
0_311 0 0 0.0 0.0 0.0 0.0
0_312 0 0 0.0 0.0 0.0 0.0
0_313 0 0 0.0 0.0 0.0 0.0
0_314 3 -13 5.587935447692871E-9 -2.421438694000244E-8 1.451956415592354E-18 -1.4597681978907075E-8
0_315 0 0 0.0 0.0 0.0 0.0
0_316 0 0 0.0 0.0 0.0 0.0
0_317 0 0 0.0 0.0 0.0 0.0
0_318 1 18 1.862645149230957E-9 3.3527612686157227E-8 8.517762052456033E-18 2.69009195101032E-8
0_319 0 0 0.0 0.0 0.0 0.0
0_320 0 0 0.0 0.0 0.0 0.0
0_321 0 0 0.0 0.0 0.0 0.0
0_322 2 -8 3.725290298461914E-9 -1.4901161193847656E-8 1.1747913702310128E-17 -6.25149035267649E-9
0_323 0 0 0.0 0.0 0.0 0.0
0_324 0 0 0.0 0.0 0.0 0.0
0_325 0 0 0.0 0.0 0.0 0.0
0_326 2 -15 3.725290298461914E-9 -2.7939677238464355E-8 1.112389096515431E-18 -3.016302788630642E-8
0_327 0 0 0.0 0.0 0.0 0.0
0_328 0 0 0.0 0.0 0.0 0.0
0_329 0 0 0.0 0.0 0.0 0.0
0_330 3 16 5.587935447692871E-9 2.9802322387695312E-8 -1.8558939794589727E-18 2.0828838617458556E-8
0_331 0 0 0.0 0.0 0.0 0.0
0_332 0 0 0.0 0.0 0.0 0.0
0_333 0 0 0.0 0.0 0.0 0.0
0_334 2 20 3.725290298461914E-9 3.725290298461914E-8 -3.139932399636186E-18 4.364095046529878E-8
0_335 0 0 0.0 0.0 0.0 0.0
0_336 0 0 0.0 0.0 0.0 0.0
0_337 0 0 0.0 0.0 0.0 0.0
0_338 3 12 5.587935447692871E-9 2.2351741790771484E-8 6.128055981239841E-18 9.768467661377869E-9
0_339 0 0 0.0 0.0 0.0 0.0
0_340 0 0 0.0 0.0 0.0 0.0
0_341 0 0 0.0 0.0 0.0 0.0
0_342 2 -13 3.725290298461914E-9 -2.421438694000244E-8 -2.1043217114641904E-18 -2.372793002621374E-8
0_343 0 0 0.0 0.0 0.0 0.0
0_344 0 0 0.0 0.0 0.0 0.0
0_345 0 0 0.0 0.0 0.0 0.0
0_346 3 4 5.587935447692871E-9 7.450580596923828E-9 1.3472728833634352E-18 8.762195696120887E-10
0_347 0 0 0.0 0.0 0.0 0.0
0_348 0 0 0.0 0.0 0.0 0.0
0_349 0 0 0.0 0.0 0.0 0.0
0_350 2 -9 3.725290298461914E-9 -1.6763806343078613E-8 6.6161777322987255E-18 -3.163701920179551E-8
0_351 0 0 0.0 0.0 0.0 0.0
0_352 0 0 0.0 0.0 0.0 0.0
0_353 0 0 0.0 0.0 0.0 0.0
0_354 2 3 3.725290298461914E-9 5.587935447692871E-9 5.394142774486735E-18 1.143973500852307E-9
0_355 0 0 0.0 0.0 0.0 0.0
0_356 0 0 0.0 0.0 0.0 0.0
0_357 0 0 0.0 0.0 0.0 0.0
0_358 2 8 3.725290298461914E-9 1.4901161193847656E-8 1.2329191345341813E-18 2.0896805781079236E-8
0_359 0 0 0.0 0.0 0.0 0.0
0_360 0 0 0.0 0.0 0.0 0.0
0_361 0 0 0.0 0.0 0.0 0.0
0_362 3 -12 5.587935447692871E-9 -2.2351741790771484E-8 2.0104757117536243E-19 -3.2043608602250523E-8
0_363 0 0 0.0 0.0 0.0 0.0
0_364 0 0 0.0 0.0 0.0 0.0
0_365 0 0 0.0 0.0 0.0 0.0
0_366 2 5 3.725290298461914E-9 9.313225746154785E-9 -9.20904601176932E-19 -7.586524574673507E-9
0_367 0 0 0.0 0.0 0.0 0.0
0_368 0 0 0.0 0.0 0.0 0.0
0_369 0 0 0.0 0.0 0.0 0.0
0_370 2 -10 3.725290298461914E-9 -1.862645149230957E-8 -3.3406335481549042E-18 -3.309888291568178E-8
0_371 0 0 0.0 0.0 0.0 0.0
0_372 0 0 0.0 0.0 0.0 0.0
0_373 0 0 0.0 0.0 0.0 0.0
0_374 2 -11 3.725290298461914E-9 -2.0489096641540527E-8 1.6384453604164922E-18 -3.360199720541081E-8
0_375 0 0 0.0 0.0 0.0 0.0
0_376 0 0 0.0 0.0 0.0 0.0
0_377 0 0 0.0 0.0 0.0 0.0
0_378 1 -4 1.862645149230957E-9 -7.450580596923828E-9 -4.176998553844261E-18 -2.5557503290670735E-9
0_379 0 0 0.0 0.0 0.0 0.0
0_380 0 0 0.0 0.0 0.0 0.0
0_381 0 0 0.0 0.0 0.0 0.0
0_382 1 -1 1.862645149230957E-9 -1.862645149230957E-9 -4.8862248882836444E-18 1.1900101988038949E-8
0_383 0 0 0.0 0.0 0.0 0.0
0_384 0 0 0.0 0.0 0.0 0.0
0_385 0 0 0.0 0.0 0.0 0.0
0_386 1 -14 1.862645149230957E-9 -2.60770320892334E-8 6.877755587019833E-19 -4.678147224182787E-9
0_387 0 0 0.0 0.0 0.0 0.0
0_388 0 0 0.0 0.0 0.0 0.0
0_389 0 0 0.0 0.0 0.0 0.0
0_390 1 -13 1.862645149230957E-9 -2.421438694000244E-8 4.408047571709719E-20 -1.779277720406204E-8
0_391 0 0 0.0 0.0 0.0 0.0
0_392 0 0 0.0 0.0 0.0 0.0
0_393 0 0 0.0 0.0 0.0 0.0
0_394 2 -12 3.725290298461914E-9 -2.2351741790771484E-8 -3.7349846673592E-18 -1.1090169519880932E-8
0_395 0 0 0.0 0.0 0.0 0.0
0_396 0 0 0.0 0.0 0.0 0.0
0_397 0 0 0.0 0.0 0.0 0.0
0_398 1 8 1.862645149230957E-9 1.4901161193847656E-8 -8.196959513037719E-19 2.2437737870215747E-8
0_399 0 0 0.0 0.0 0.0 0.0
0_400 0 0 0.0 0.0 0.0 0.0
0_401 0 0 0.0 0.0 0.0 0.0
0_402 2 -20 3.725290298461914E-9 -3.725290298461914E-8 -2.4642765311977162E-18 -4.307525185771926E-8
0_403 0 0 0.0 0.0 0.0 0.0
0_404 0 0 0.0 0.0 0.0 0.0
0_405 0 0 0.0 0.0 0.0 0.0
0_406 2 -5 3.725290298461914E-9 -9.313225746154785E-9 -2.051272137239327E-18 -1.0816786509100381E-8
0_407 0 0 0.0 0.0 0.0 0.0
0_408 0 0 0.0 0.0 0.0 0.0
0_409 0 0 0.0 0.0 0.0 0.0
0_410 1 -15 1.862645149230957E-9 -2.7939677238464355E-8 -2.534041771241051E-18 -1.5294470209010024E-8
0_411 0 0 0.0 0.0 0.0 0.0
0_412 0 0 0.0 0.0 0.0 0.0
0_413 0 0 0.0 0.0 0.0 0.0
0_414 1 13 1.862645149230957E-9 2.421438694000244E-8 1.0391555055660816E-17 1.6175649921783277E-8
0_415 0 0 0.0 0.0 0.0 0.0
0_416 0 0 0.0 0.0 0.0 0.0
0_417 0 0 0.0 0.0 0.0 0.0
0_418 2 -4 3.725290298461914E-9 -7.450580596923828E-9 -4.979931504113639E-18 -1.953587863757873E-8
0_419 0 0 0.0 0.0 0.0 0.0
0_420 0 0 0.0 0.0 0.0 0.0
0_421 0 0 0.0 0.0 0.0 0.0
0_422 2 25 3.725290298461914E-9 4.6566128730773926E-8 7.090551060515388E-19 3.18056417422487E-8
0_423 0 0 0.0 0.0 0.0 0.0
0_424 0 0 0.0 0.0 0.0 0.0
0_425 0 0 0.0 0.0 0.0 0.0
0_426 2 -16 3.725290298461914E-9 -2.9802322387695312E-8 3.9329075618243335E-19 -2.531120325819131E-8
0_427 0 0 0.0 0.0 0.0 0.0
0_428 0 0 0.0 0.0 0.0 0.0
0_429 0 0 0.0 0.0 0.0 0.0
0_430 2 28 3.725290298461914E-9 5.21540641784668E-8 -1.3199294976373058E-18 4.062942669489151E-8
0_431 0 0 0.0 0.0 0.0 0.0
0_432 0 0 0.0 0.0 0.0 0.0
0_433 0 0 0.0 0.0 0.0 0.0
0_434 2 11 3.725290298461914E-9 2.0489096641540527E-8 8.042130618786773E-18 7.52650640577419E-10
0_435 0 0 0.0 0.0 0.0 0.0
0_436 0 0 0.0 0.0 0.0 0.0
0_437 0 0 0.0 0.0 0.0 0.0
0_438 2 6 3.725290298461914E-9 1.1175870895385742E-8 1.8991875787442325E-18 1.628841836383436E-8
0_439 0 0 0.0 0.0 0.0 0.0
0_440 0 0 0.0 0.0 0.0 0.0
0_441 0 0 0.0 0.0 0.0 0.0
0_442 1 -7 1.862645149230957E-9 -1.30385160446167E-8 1.7571585578690538E-18 -1.0208453043613372E-8
0_443 0 0 0.0 0.0 0.0 0.0
0_444 0 0 0.0 0.0 0.0 0.0
0_445 0 0 0.0 0.0 0.0 0.0
0_446 1 6 1.862645149230957E-9 1.1175870895385742E-8 -3.9373862670867254E-18 1.6439787660522268E-9
0_447 0 0 0.0 0.0 0.0 0.0
0_448 0 0 0.0 0.0 0.0 0.0
0_449 0 0 0.0 0.0 0.0 0.0
0_450 1 5 1.862645149230957E-9 9.313225746154785E-9 -3.913120784620017E-18 2.239014810743781E-8
0_451 0 0 0.0 0.0 0.0 0.0
0_452 0 0 0.0 0.0 0.0 0.0
0_453 0 0 0.0 0.0 0.0 0.0
0_454 1 8 1.862645149230957E-9 1.4901161193847656E-8 -2.4659411904321867E-18 1.0845256988701581E-8
0_455 0 0 0.0 0.0 0.0 0.0
0_456 0 0 0.0 0.0 0.0 0.0
0_457 0 0 0.0 0.0 0.0 0.0
0_458 2 -3 3.725290298461914E-9 -5.587935447692871E-9 -6.797477867560553E-19 -2.159768093282764E-8
0_459 0 0 0.0 0.0 0.0 0.0
0_460 0 0 0.0 0.0 0.0 0.0
0_461 0 0 0.0 0.0 0.0 0.0
0_462 1 -3 1.862645149230957E-9 -5.587935447692871E-9 6.109419230197008E-18 -7.791806674322814E-9
0_463 0 0 0.0 0.0 0.0 0.0
0_464 0 0 0.0 0.0 0.0 0.0
0_465 0 0 0.0 0.0 0.0 0.0
0_466 2 -15 3.725290298461914E-9 -2.7939677238464355E-8 4.687747178376277E-18 -3.3115020259452626E-8
0_467 0 0 0.0 0.0 0.0 0.0
0_468 0 0 0.0 0.0 0.0 0.0
0_469 0 0 0.0 0.0 0.0 0.0
0_470 2 -1 3.725290298461914E-9 -1.862645149230957E-9 4.904264104676748E-19 -5.836971256905999E-9
0_471 0 0 0.0 0.0 0.0 0.0
0_472 0 0 0.0 0.0 0.0 0.0
0_473 0 0 0.0 0.0 0.0 0.0
0_474 2 -9 3.725290298461914E-9 -1.6763806343078613E-8 -3.0593014602122237E-18 -1.3975023566824162E-8
0_475 0 0 0.0 0.0 0.0 0.0
0_476 0 0 0.0 0.0 0.0 0.0
0_477 0 0 0.0 0.0 0.0 0.0
0_478 1 6 1.862645149230957E-9 1.1175870895385742E-8 2.500813229993938E-17 1.0765049662345981E-8
0_479 0 0 0.0 0.0 0.0 0.0
0_480 0 0 0.0 0.0 0.0 0.0
0_481 0 0 0.0 0.0 0.0 0.0
0_482 1 0 1.862645149230957E-9 0.0 8.515344432736677E-19 -5.257799659675768E-9
0_483 0 0 0.0 0.0 0.0 0.0
0_484 0 0 0.0 0.0 0.0 0.0
0_485 0 0 0.0 0.0 0.0 0.0
0_486 1 -27 1.862645149230957E-9 -5.029141902923584E-8 1.6624438345406104E-18 -3.525960616020646E-8
0_487 0 0 0.0 0.0 0.0 0.0
0_488 0 0 0.0 0.0 0.0 0.0
0_489 0 0 0.0 0.0 0.0 0.0
0_490 2 -19 3.725290298461914E-9 -3.5390257835388184E-8 1.7187742755192962E-18 -4.4999250153613116E-8
0_491 0 0 0.0 0.0 0.0 0.0
0_492 0 0 0.0 0.0 0.0 0.0
0_493 0 0 0.0 0.0 0.0 0.0
0_494 1 14 1.862645149230957E-9 2.60770320892334E-8 1.1065860231606067E-17 2.64811665390706E-8
0_495 0 0 0.0 0.0 0.0 0.0
0_496 0 0 0.0 0.0 0.0 0.0
0_497 0 0 0.0 0.0 0.0 0.0
0_498 1 -11 1.862645149230957E-9 -2.0489096641540527E-8 3.4734900865160506E-18 -1.4757251049236632E-8
0_499 0 0 0.0 0.0 0.0 0.0
0_500 0 0 0.0 0.0 0.0 0.0
0_501 0 0 0.0 0.0 0.0 0.0
0_502 1 -50 1.862645149230957E-9 -9.313225746154785E-8 -5.11003032571011E-18 -7.486873089739013E-8
0_503 0 0 0.0 0.0 0.0 0.0
0_504 0 0 0.0 0.0 0.0 0.0
0_505 0 0 0.0 0.0 0.0 0.0
0_506 2 -33 3.725290298461914E-9 -6.146728992462158E-8 1.0056769118919381E-17 -4.936314298825785E-8
0_507 0 0 0.0 0.0 0.0 0.0
0_508 0 0 0.0 0.0 0.0 0.0
0_509 0 0 0.0 0.0 0.0 0.0
0_510 0 268435296 0.0 0.4999997019767761 -2.0040525826224395E-16 0.49999970044100817
0_511 0 0 0.0 0.0 0.0 0.0
# === Iteration 2 ===
1_0 0 0 0.0 0.0 0.0 0.0
1_1 0 0 0.0 0.0 0.0 0.0
1_2 -63 -268435362 -1.1734664440155029E-7 -0.499999824911356 2.953499587852845E-17 -0.4999997004410081
1_3 0 0 0.0 0.0 0.0 0.0
1_4 0 0 0.0 0.0 0.0 0.0
1_5 0 0 0.0 0.0 0.0 0.0
1_6 -31 -3 -5.774199962615967E-8 -5.587935447692871E-9 -2.3472692068643837E-18 4.9363142976893225E-8
1_7 0 0 0.0 0.0 0.0 0.0
1_8 0 0 0.0 0.0 0.0 0.0
1_9 0 0 0.0 0.0 0.0 0.0
1_10 -14 28 -2.60770320892334E-8 5.21540641784668E-8 -1.993256212364988E-18 7.48687309134888E-8
1_11 0 0 0.0 0.0 0.0 0.0
1_12 0 0 0.0 0.0 0.0 0.0
1_13 0 0 0.0 0.0 0.0 0.0
1_14 -15 -6 -2.7939677238464355E-8 -1.1175870895385742E-8 -1.8704405291678846E-18 1.4757251038952143E-8
1_15 0 0 0.0 0.0 0.0 0.0
1_16 0 0 0.0 0.0 0.0 0.0
1_17 0 0 0.0 0.0 0.0 0.0
1_18 -6 -28 -1.1175870895385742E-8 -5.21540641784668E-8 -1.5982862586649256E-18 -2.6481166519527573E-8
1_19 0 0 0.0 0.0 0.0 0.0
1_20 0 0 0.0 0.0 0.0 0.0
1_21 0 0 0.0 0.0 0.0 0.0
1_22 -6 19 -1.1175870895385742E-8 3.5390257835388184E-8 1.3872477723818482E-18 4.499925014684222E-8
1_23 0 0 0.0 0.0 0.0 0.0
1_24 0 0 0.0 0.0 0.0 0.0
1_25 0 0 0.0 0.0 0.0 0.0
1_26 -5 15 -9.313225746154785E-9 2.7939677238464355E-8 3.744701412868992E-18 3.5259606169589575E-8
1_27 0 0 0.0 0.0 0.0 0.0
1_28 0 0 0.0 0.0 0.0 0.0
1_29 0 0 0.0 0.0 0.0 0.0
1_30 -7 -11 -1.30385160446167E-8 -2.0489096641540527E-8 2.2367573500889214E-18 5.257799601565686E-9
1_31 0 0 0.0 0.0 0.0 0.0
1_32 0 0 0.0 0.0 0.0 0.0
1_33 0 0 0.0 0.0 0.0 0.0
1_34 -2 -8 -3.725290298461914E-9 -1.4901161193847656E-8 -5.638523608841622E-18 -1.0765049619061332E-8
1_35 0 0 0.0 0.0 0.0 0.0
1_36 0 0 0.0 0.0 0.0 0.0
1_37 0 0 0.0 0.0 0.0 0.0
1_38 -2 11 -3.725290298461914E-9 2.0489096641540527E-8 -2.1784882761493434E-18 1.3975023566658646E-8
1_39 0 0 0.0 0.0 0.0 0.0
1_40 0 0 0.0 0.0 0.0 0.0
1_41 0 0 0.0 0.0 0.0 0.0
1_42 0 6 0.0 1.1175870895385742E-8 2.711985029660319E-18 5.836971259915853E-9
1_43 0 0 0.0 0.0 0.0 0.0
1_44 0 0 0.0 0.0 0.0 0.0
1_45 0 0 0.0 0.0 0.0 0.0
1_46 -2 16 -3.725290298461914E-9 2.9802322387695312E-8 1.6660556152877466E-18 3.3115020252550254E-8
1_47 0 0 0.0 0.0 0.0 0.0
1_48 0 0 0.0 0.0 0.0 0.0
1_49 0 0 0.0 0.0 0.0 0.0
1_50 -2 -3 -3.725290298461914E-9 -5.587935447692871E-9 -1.8102977161435185E-18 7.791806676159137E-9
1_51 0 0 0.0 0.0 0.0 0.0
1_52 0 0 0.0 0.0 0.0 0.0
1_53 0 0 0.0 0.0 0.0 0.0
1_54 -2 14 -3.725290298461914E-9 2.60770320892334E-8 -8.702925214221092E-19 2.1597680934164907E-8
1_55 0 0 0.0 0.0 0.0 0.0
1_56 0 0 0.0 0.0 0.0 0.0
1_57 0 0 0.0 0.0 0.0 0.0
1_58 -1 -5 -1.862645149230957E-9 -9.313225746154785E-9 2.5499745722590253E-18 -1.0845256986510709E-8
1_59 0 0 0.0 0.0 0.0 0.0
1_60 0 0 0.0 0.0 0.0 0.0
1_61 0 0 0.0 0.0 0.0 0.0
1_62 -3 -26 -5.587935447692871E-9 -4.842877388000488E-8 2.8901517283902164E-17 -2.239014813886399E-8
1_63 0 0 0.0 0.0 0.0 0.0
1_64 0 0 0.0 0.0 0.0 0.0
1_65 0 0 0.0 0.0 0.0 0.0
1_66 0 0 0.0 0.0 -9.530412959784032E-18 -1.6439787258231514E-9
1_67 0 0 0.0 0.0 0.0 0.0
1_68 0 0 0.0 0.0 0.0 0.0
1_69 0 0 0.0 0.0 0.0 0.0
1_70 0 13 0.0 2.421438694000244E-8 3.8276425444452466E-18 1.0208453040534236E-8
1_71 0 0 0.0 0.0 0.0 0.0
1_72 0 0 0.0 0.0 0.0 0.0
1_73 0 0 0.0 0.0 0.0 0.0
1_74 1 -4 1.862645149230957E-9 -7.450580596923828E-9 3.3627653440809274E-18 -1.6288418367040258E-8
1_75 0 0 0.0 0.0 0.0 0.0
1_76 0 0 0.0 0.0 0.0 0.0
1_77 0 0 0.0 0.0 0.0 0.0
1_78 0 -8 0.0 -1.4901161193847656E-8 1.3125690794999483E-18 -7.526506411664477E-10
1_79 0 0 0.0 0.0 0.0 0.0
1_80 0 0 0.0 0.0 0.0 0.0
1_81 0 0 0.0 0.0 0.0 0.0
1_82 1 -24 1.862645149230957E-9 -4.470348358154297E-8 -3.3528797503285987E-18 -4.062942669742002E-8
1_83 0 0 0.0 0.0 0.0 0.0
1_84 0 0 0.0 0.0 0.0 0.0
1_85 0 0 0.0 0.0 0.0 0.0
1_86 2 19 3.725290298461914E-9 3.5390257835388184E-8 -5.15943029460265E-19 2.5311203261035142E-8
1_87 0 0 0.0 0.0 0.0 0.0
1_88 0 0 0.0 0.0 0.0 0.0
1_89 0 0 0.0 0.0 0.0 0.0
1_90 1 -16 1.862645149230957E-9 -2.9802322387695312E-8 -8.054596977221441E-19 -3.1805641741669594E-8
1_91 0 0 0.0 0.0 0.0 0.0
1_92 0 0 0.0 0.0 0.0 0.0
1_93 0 0 0.0 0.0 0.0 0.0
1_94 0 11 0.0 2.0489096641540527E-8 2.5822395692817737E-18 1.9535878611224776E-8
1_95 0 0 0.0 0.0 0.0 0.0
1_96 0 0 0.0 0.0 0.0 0.0
1_97 0 0 0.0 0.0 0.0 0.0
1_98 0 -13 0.0 -2.421438694000244E-8 4.898278602943859E-18 -1.6175649911756987E-8
1_99 0 0 0.0 0.0 0.0 0.0
1_100 0 0 0.0 0.0 0.0 0.0
1_101 0 0 0.0 0.0 0.0 0.0
1_102 0 8 0.0 1.4901161193847656E-8 1.2636629563609397E-18 1.5294470210118932E-8
1_103 0 0 0.0 0.0 0.0 0.0
1_104 0 0 0.0 0.0 0.0 0.0
1_105 0 0 0.0 0.0 0.0 0.0
1_106 1 4 1.862645149230957E-9 7.450580596923828E-9 -4.853915688742178E-19 1.081678650882519E-8
1_107 0 0 0.0 0.0 0.0 0.0
1_108 0 0 0.0 0.0 0.0 0.0
1_109 0 0 0.0 0.0 0.0 0.0
1_110 0 21 0.0 3.91155481338501E-8 -8.698857431233449E-18 4.307525185422074E-8
1_111 0 0 0.0 0.0 0.0 0.0
1_112 0 0 0.0 0.0 0.0 0.0
1_113 0 0 0.0 0.0 0.0 0.0
1_114 0 -6 0.0 -1.1175870895385742E-8 -5.286000221479565E-18 -2.2437737860886182E-8
1_115 0 0 0.0 0.0 0.0 0.0
1_116 0 0 0.0 0.0 0.0 0.0
1_117 0 0 0.0 0.0 0.0 0.0
1_118 0 5 0.0 9.313225746154785E-9 -9.505662639673178E-19 1.1090169519249108E-8
1_119 0 0 0.0 0.0 0.0 0.0
1_120 0 0 0.0 0.0 0.0 0.0
1_121 0 0 0.0 0.0 0.0 0.0
1_122 -1 12 -1.862645149230957E-9 2.2351741790771484E-8 -9.134703571699041E-19 1.7792777202680814E-8
1_123 0 0 0.0 0.0 0.0 0.0
1_124 0 0 0.0 0.0 0.0 0.0
1_125 0 0 0.0 0.0 0.0 0.0
1_126 -1 7 -1.862645149230957E-9 1.30385160446167E-8 -5.611509541422663E-18 4.67814722981894E-9
1_127 0 0 0.0 0.0 0.0 0.0
1_128 0 0 0.0 0.0 0.0 0.0
1_129 0 0 0.0 0.0 0.0 0.0
1_130 1 -6 1.862645149230957E-9 -1.1175870895385742E-8 1.1363414911202886E-18 -1.1900101993675101E-8
1_131 0 0 0.0 0.0 0.0 0.0
1_132 0 0 0.0 0.0 0.0 0.0
1_133 0 0 0.0 0.0 0.0 0.0
1_134 1 3 1.862645149230957E-9 5.587935447692871E-9 -1.8487259021260684E-20 2.5557503268883707E-9
1_135 0 0 0.0 0.0 0.0 0.0
1_136 0 0 0.0 0.0 0.0 0.0
1_137 0 0 0.0 0.0 0.0 0.0
1_138 2 24 3.725290298461914E-9 4.470348358154297E-8 2.037919580996343E-18 3.360199720470999E-8
1_139 0 0 0.0 0.0 0.0 0.0
1_140 0 0 0.0 0.0 0.0 0.0
1_141 0 0 0.0 0.0 0.0 0.0
1_142 1 12 1.862645149230957E-9 2.2351741790771484E-8 -6.169746711293126E-18 3.309888291627068E-8
1_143 0 0 0.0 0.0 0.0 0.0
1_144 0 0 0.0 0.0 0.0 0.0
1_145 0 0 0.0 0.0 0.0 0.0
1_146 2 0 3.725290298461914E-9 0.0 -2.5877133852865543E-18 7.586524575482298E-9
1_147 0 0 0.0 0.0 0.0 0.0
1_148 0 0 0.0 0.0 0.0 0.0
1_149 0 0 0.0 0.0 0.0 0.0
1_150 2 19 3.725290298461914E-9 3.5390257835388184E-8 -7.341987699854441E-19 3.204360860030482E-8
1_151 0 0 0.0 0.0 0.0 0.0
1_152 0 0 0.0 0.0 0.0 0.0
1_153 0 0 0.0 0.0 0.0 0.0
1_154 1 -15 1.862645149230957E-9 -2.7939677238464355E-8 -1.890047336373098E-18 -2.0896805781992274E-8
1_155 0 0 0.0 0.0 0.0 0.0
1_156 0 0 0.0 0.0 0.0 0.0
1_157 0 0 0.0 0.0 0.0 0.0
1_158 1 5 1.862645149230957E-9 9.313225746154785E-9 2.012115203271066E-17 -1.1439735096059806E-9
1_159 0 0 0.0 0.0 0.0 0.0
1_160 0 0 0.0 0.0 0.0 0.0
1_161 0 0 0.0 0.0 0.0 0.0
1_162 2 24 3.725290298461914E-9 4.470348358154297E-8 -1.1088949822104305E-18 3.1637019214348136E-8
1_163 0 0 0.0 0.0 0.0 0.0
1_164 0 0 0.0 0.0 0.0 0.0
1_165 0 0 0.0 0.0 0.0 0.0
1_166 2 5 3.725290298461914E-9 9.313225746154785E-9 3.166466430881225E-18 -8.762195708621439E-10
1_167 0 0 0.0 0.0 0.0 0.0
1_168 0 0 0.0 0.0 0.0 0.0
1_169 0 0 0.0 0.0 0.0 0.0
1_170 2 20 3.725290298461914E-9 3.725290298461914E-8 -2.0049837722946116E-18 2.3727930026502665E-8
1_171 0 0 0.0 0.0 0.0 0.0
1_172 0 0 0.0 0.0 0.0 0.0
1_173 0 0 0.0 0.0 0.0 0.0
1_174 2 4 3.725290298461914E-9 7.450580596923828E-9 5.6597543366361375E-18 -9.768467657901017E-9
1_175 0 0 0.0 0.0 0.0 0.0
1_176 0 0 0.0 0.0 0.0 0.0
1_177 0 0 0.0 0.0 0.0 0.0
1_178 2 -21 3.725290298461914E-9 -3.91155481338501E-8 -2.7529204821650592E-18 -4.364095046338428E-8
1_179 0 0 0.0 0.0 0.0 0.0
1_180 0 0 0.0 0.0 0.0 0.0
1_181 0 0 0.0 0.0 0.0 0.0
1_182 2 -10 3.725290298461914E-9 -1.862645149230957E-8 -1.3969385650999207E-18 -2.082883861714049E-8
1_183 0 0 0.0 0.0 0.0 0.0
1_184 0 0 0.0 0.0 0.0 0.0
1_185 0 0 0.0 0.0 0.0 0.0
1_186 1 17 1.862645149230957E-9 3.166496753692627E-8 4.411241294645374E-19 3.016302788734383E-8
1_187 0 0 0.0 0.0 0.0 0.0
1_188 0 0 0.0 0.0 0.0 0.0
1_189 0 0 0.0 0.0 0.0 0.0
1_190 1 10 1.862645149230957E-9 1.862645149230957E-8 2.8789364918202654E-17 6.2514903420875575E-9
1_191 0 0 0.0 0.0 0.0 0.0
1_192 0 0 0.0 0.0 0.0 0.0
1_193 0 0 0.0 0.0 0.0 0.0
1_194 1 -5 1.862645149230957E-9 -9.313225746154785E-9 -1.2003380618029606E-17 -2.6900919508317165E-8
1_195 0 0 0.0 0.0 0.0 0.0
1_196 0 0 0.0 0.0 0.0 0.0
1_197 0 0 0.0 0.0 0.0 0.0
1_198 1 22 1.862645149230957E-9 4.0978193283081055E-8 3.0250324014099174E-18 1.4597681976419642E-8
1_199 0 0 0.0 0.0 0.0 0.0
1_200 0 0 0.0 0.0 0.0 0.0
1_201 0 0 0.0 0.0 0.0 0.0
1_202 2 7 3.725290298461914E-9 1.30385160446167E-8 -4.822724898119747E-18 -7.819342775634891E-10
1_203 0 0 0.0 0.0 0.0 0.0
1_204 0 0 0.0 0.0 0.0 0.0
1_205 0 0 0.0 0.0 0.0 0.0
1_206 1 -17 1.862645149230957E-9 -3.166496753692627E-8 -6.330454049036919E-18 -2.7213955504985006E-8
1_207 0 0 0.0 0.0 0.0 0.0
1_208 0 0 0.0 0.0 0.0 0.0
1_209 0 0 0.0 0.0 0.0 0.0
1_210 2 -21 3.725290298461914E-9 -3.91155481338501E-8 4.657377242186392E-18 -4.310519989668606E-8
1_211 0 0 0.0 0.0 0.0 0.0
1_212 0 0 0.0 0.0 0.0 0.0
1_213 0 0 0.0 0.0 0.0 0.0
1_214 2 -1 3.725290298461914E-9 -1.862645149230957E-9 -2.435320515119122E-18 -2.0277486254350363E-9
1_215 0 0 0.0 0.0 0.0 0.0
1_216 0 0 0.0 0.0 0.0 0.0
1_217 0 0 0.0 0.0 0.0 0.0
1_218 2 1 3.725290298461914E-9 1.862645149230957E-9 -1.9894564358958121E-19 -8.140864596684708E-9
1_219 0 0 0.0 0.0 0.0 0.0
1_220 0 0 0.0 0.0 0.0 0.0
1_221 0 0 0.0 0.0 0.0 0.0
1_222 1 28 1.862645149230957E-9 5.21540641784668E-8 1.2581171723657711E-17 2.0605357060863522E-8
1_223 0 0 0.0 0.0 0.0 0.0
1_224 0 0 0.0 0.0 0.0 0.0
1_225 0 0 0.0 0.0 0.0 0.0
1_226 1 26 1.862645149230957E-9 4.842877388000488E-8 7.108227492722721E-19 3.114603520226525E-8
1_227 0 0 0.0 0.0 0.0 0.0
1_228 0 0 0.0 0.0 0.0 0.0
1_229 0 0 0.0 0.0 0.0 0.0
1_230 1 7 1.862645149230957E-9 1.30385160446167E-8 2.326239732502164E-18 8.991553135755147E-9
1_231 0 0 0.0 0.0 0.0 0.0
1_232 0 0 0.0 0.0 0.0 0.0
1_233 0 0 0.0 0.0 0.0 0.0
1_234 2 11 3.725290298461914E-9 2.0489096641540527E-8 -2.6011582755654147E-18 6.981335922327766E-9
1_235 0 0 0.0 0.0 0.0 0.0
1_236 0 0 0.0 0.0 0.0 0.0
1_237 0 0 0.0 0.0 0.0 0.0
1_238 1 0 1.862645149230957E-9 0.0 1.5237470491138174E-18 1.6987886177648293E-8
1_239 0 0 0.0 0.0 0.0 0.0
1_240 0 0 0.0 0.0 0.0 0.0
1_241 0 0 0.0 0.0 0.0 0.0
1_242 1 23 1.862645149230957E-9 4.284083843231201E-8 3.603043114054106E-18 3.821943922975773E-8
1_243 0 0 0.0 0.0 0.0 0.0
1_244 0 0 0.0 0.0 0.0 0.0
1_245 0 0 0.0 0.0 0.0 0.0
1_246 1 -8 1.862645149230957E-9 -1.4901161193847656E-8 7.223258748114567E-19 -3.1199426372261475E-9
1_247 0 0 0.0 0.0 0.0 0.0
1_248 0 0 0.0 0.0 0.0 0.0
1_249 0 0 0.0 0.0 0.0 0.0
1_250 2 9 3.725290298461914E-9 1.6763806343078613E-8 1.442901476221889E-18 5.386156408754198E-9
1_251 0 0 0.0 0.0 0.0 0.0
1_252 0 0 0.0 0.0 0.0 0.0
1_253 0 0 0.0 0.0 0.0 0.0
1_254 0 -6 0.0 -1.1175870895385742E-8 9.496282330949707E-18 -3.133297477031505E-8
1_255 0 0 0.0 0.0 0.0 0.0
1_256 0 0 0.0 0.0 0.0 0.0
1_257 0 0 0.0 0.0 0.0 0.0
1_258 1 14 1.862645149230957E-9 2.60770320892334E-8 -3.4247501650308818E-18 3.1332974714803896E-8
1_259 0 0 0.0 0.0 0.0 0.0
1_260 0 0 0.0 0.0 0.0 0.0
1_261 0 0 0.0 0.0 0.0 0.0
1_262 1 -7 1.862645149230957E-9 -1.30385160446167E-8 9.149350872395824E-19 -5.386156407845556E-9
1_263 0 0 0.0 0.0 0.0 0.0
1_264 0 0 0.0 0.0 0.0 0.0
1_265 0 0 0.0 0.0 0.0 0.0
1_266 2 8 3.725290298461914E-9 1.4901161193847656E-8 1.2663398967978588E-19 3.1199426371144913E-9
1_267 0 0 0.0 0.0 0.0 0.0
1_268 0 0 0.0 0.0 0.0 0.0
1_269 0 0 0.0 0.0 0.0 0.0
1_270 1 -22 1.862645149230957E-9 -4.0978193283081055E-8 4.213428208406556E-18 -3.821943923990857E-8
1_271 0 0 0.0 0.0 0.0 0.0
1_272 0 0 0.0 0.0 0.0 0.0
1_273 0 0 0.0 0.0 0.0 0.0
1_274 2 0 3.725290298461914E-9 0.0 2.1683505573570467E-18 -1.6987886184447155E-8
1_275 0 0 0.0 0.0 0.0 0.0
1_276 0 0 0.0 0.0 0.0 0.0
1_277 0 0 0.0 0.0 0.0 0.0
1_278 2 3 3.725290298461914E-9 5.587935447692871E-9 -5.339271767480866E-19 -6.981335923404739E-9
1_279 0 0 0.0 0.0 0.0 0.0
1_280 0 0 0.0 0.0 0.0 0.0
1_281 0 0 0.0 0.0 0.0 0.0
1_282 3 -5 5.587935447692871E-9 -9.313225746154785E-9 1.985275015078901E-18 -8.99155313673026E-9
1_283 0 0 0.0 0.0 0.0 0.0
1_284 0 0 0.0 0.0 0.0 0.0
1_285 0 0 0.0 0.0 0.0 0.0
1_286 1 -19 1.862645149230957E-9 -3.5390257835388184E-8 1.7249754595681352E-17 -3.114603519864598E-8
1_287 0 0 0.0 0.0 0.0 0.0
1_288 0 0 0.0 0.0 0.0 0.0
1_289 0 0 0.0 0.0 0.0 0.0
1_290 2 -12 3.725290298461914E-9 -2.2351741790771484E-8 2.3014582057102322E-19 -2.0605357064884222E-8
1_291 0 0 0.0 0.0 0.0 0.0
1_292 0 0 0.0 0.0 0.0 0.0
1_293 0 0 0.0 0.0 0.0 0.0
1_294 2 3 3.725290298461914E-9 5.587935447692871E-9 1.4928606231011333E-19 8.140864598860808E-9
1_295 0 0 0.0 0.0 0.0 0.0
1_296 0 0 0.0 0.0 0.0 0.0
1_297 0 0 0.0 0.0 0.0 0.0
1_298 4 6 7.450580596923828E-9 1.1175870895385742E-8 -2.1428469664591042E-18 2.0277486253775605E-9
1_299 0 0 0.0 0.0 0.0 0.0
1_300 0 0 0.0 0.0 0.0 0.0
1_301 0 0 0.0 0.0 0.0 0.0
1_302 2 24 3.725290298461914E-9 4.470348358154297E-8 1.0881766636789022E-17 4.310519989869588E-8
1_303 0 0 0.0 0.0 0.0 0.0
1_304 0 0 0.0 0.0 0.0 0.0
1_305 0 0 0.0 0.0 0.0 0.0
1_306 2 17 3.725290298461914E-9 3.166496753692627E-8 5.025749513482542E-18 2.7213955506229886E-8
1_307 0 0 0.0 0.0 0.0 0.0
1_308 0 0 0.0 0.0 0.0 0.0
1_309 0 0 0.0 0.0 0.0 0.0
1_310 2 -2 3.725290298461914E-9 -3.725290298461914E-9 -3.2890860921741447E-18 7.819342748540127E-10
1_311 0 0 0.0 0.0 0.0 0.0
1_312 0 0 0.0 0.0 0.0 0.0
1_313 0 0 0.0 0.0 0.0 0.0
1_314 3 -13 5.587935447692871E-9 -2.421438694000244E-8 1.451956415592354E-18 -1.4597681978907075E-8
1_315 0 0 0.0 0.0 0.0 0.0
1_316 0 0 0.0 0.0 0.0 0.0
1_317 0 0 0.0 0.0 0.0 0.0
1_318 1 18 1.862645149230957E-9 3.3527612686157227E-8 8.517762052456033E-18 2.69009195101032E-8
1_319 0 0 0.0 0.0 0.0 0.0
1_320 0 0 0.0 0.0 0.0 0.0
1_321 0 0 0.0 0.0 0.0 0.0
1_322 2 -8 3.725290298461914E-9 -1.4901161193847656E-8 1.1747913702310128E-17 -6.25149035267649E-9
1_323 0 0 0.0 0.0 0.0 0.0
1_324 0 0 0.0 0.0 0.0 0.0
1_325 0 0 0.0 0.0 0.0 0.0
1_326 2 -15 3.725290298461914E-9 -2.7939677238464355E-8 1.112389096515431E-18 -3.016302788630642E-8
1_327 0 0 0.0 0.0 0.0 0.0
1_328 0 0 0.0 0.0 0.0 0.0
1_329 0 0 0.0 0.0 0.0 0.0
1_330 3 16 5.587935447692871E-9 2.9802322387695312E-8 -1.8558939794589727E-18 2.0828838617458556E-8
1_331 0 0 0.0 0.0 0.0 0.0
1_332 0 0 0.0 0.0 0.0 0.0
1_333 0 0 0.0 0.0 0.0 0.0
1_334 2 20 3.725290298461914E-9 3.725290298461914E-8 -3.139932399636186E-18 4.364095046529878E-8
1_335 0 0 0.0 0.0 0.0 0.0
1_336 0 0 0.0 0.0 0.0 0.0
1_337 0 0 0.0 0.0 0.0 0.0
1_338 3 12 5.587935447692871E-9 2.2351741790771484E-8 6.128055981239841E-18 9.768467661377869E-9
1_339 0 0 0.0 0.0 0.0 0.0
1_340 0 0 0.0 0.0 0.0 0.0
1_341 0 0 0.0 0.0 0.0 0.0
1_342 2 -13 3.725290298461914E-9 -2.421438694000244E-8 -2.1043217114641904E-18 -2.372793002621374E-8
1_343 0 0 0.0 0.0 0.0 0.0
1_344 0 0 0.0 0.0 0.0 0.0
1_345 0 0 0.0 0.0 0.0 0.0
1_346 3 4 5.587935447692871E-9 7.450580596923828E-9 1.3472728833634352E-18 8.762195696120887E-10
1_347 0 0 0.0 0.0 0.0 0.0
1_348 0 0 0.0 0.0 0.0 0.0
1_349 0 0 0.0 0.0 0.0 0.0
1_350 2 -9 3.725290298461914E-9 -1.6763806343078613E-8 6.6161777322987255E-18 -3.163701920179551E-8
1_351 0 0 0.0 0.0 0.0 0.0
1_352 0 0 0.0 0.0 0.0 0.0
1_353 0 0 0.0 0.0 0.0 0.0
1_354 2 3 3.725290298461914E-9 5.587935447692871E-9 5.394142774486735E-18 1.143973500852307E-9
1_355 0 0 0.0 0.0 0.0 0.0
1_356 0 0 0.0 0.0 0.0 0.0
1_357 0 0 0.0 0.0 0.0 0.0
1_358 2 8 3.725290298461914E-9 1.4901161193847656E-8 1.2329191345341813E-18 2.0896805781079236E-8
1_359 0 0 0.0 0.0 0.0 0.0
1_360 0 0 0.0 0.0 0.0 0.0
1_361 0 0 0.0 0.0 0.0 0.0
1_362 3 -12 5.587935447692871E-9 -2.2351741790771484E-8 2.0104757117536243E-19 -3.2043608602250523E-8
1_363 0 0 0.0 0.0 0.0 0.0
1_364 0 0 0.0 0.0 0.0 0.0
1_365 0 0 0.0 0.0 0.0 0.0
1_366 2 5 3.725290298461914E-9 9.313225746154785E-9 -9.20904601176932E-19 -7.586524574673507E-9
1_367 0 0 0.0 0.0 0.0 0.0
1_368 0 0 0.0 0.0 0.0 0.0
1_369 0 0 0.0 0.0 0.0 0.0
1_370 2 -10 3.725290298461914E-9 -1.862645149230957E-8 -3.3406335481549042E-18 -3.309888291568178E-8
1_371 0 0 0.0 0.0 0.0 0.0
1_372 0 0 0.0 0.0 0.0 0.0
1_373 0 0 0.0 0.0 0.0 0.0
1_374 2 -11 3.725290298461914E-9 -2.0489096641540527E-8 1.6384453604164922E-18 -3.360199720541081E-8
1_375 0 0 0.0 0.0 0.0 0.0
1_376 0 0 0.0 0.0 0.0 0.0
1_377 0 0 0.0 0.0 0.0 0.0
1_378 1 -4 1.862645149230957E-9 -7.450580596923828E-9 -4.176998553844261E-18 -2.5557503290670735E-9
1_379 0 0 0.0 0.0 0.0 0.0
1_380 0 0 0.0 0.0 0.0 0.0
1_381 0 0 0.0 0.0 0.0 0.0
1_382 1 -1 1.862645149230957E-9 -1.862645149230957E-9 -4.8862248882836444E-18 1.1900101988038949E-8
1_383 0 0 0.0 0.0 0.0 0.0
1_384 0 0 0.0 0.0 0.0 0.0
1_385 0 0 0.0 0.0 0.0 0.0
1_386 1 -14 1.862645149230957E-9 -2.60770320892334E-8 6.877755587019833E-19 -4.678147224182787E-9
1_387 0 0 0.0 0.0 0.0 0.0
1_388 0 0 0.0 0.0 0.0 0.0
1_389 0 0 0.0 0.0 0.0 0.0
1_390 1 -13 1.862645149230957E-9 -2.421438694000244E-8 4.408047571709719E-20 -1.779277720406204E-8
1_391 0 0 0.0 0.0 0.0 0.0
1_392 0 0 0.0 0.0 0.0 0.0
1_393 0 0 0.0 0.0 0.0 0.0
1_394 2 -12 3.725290298461914E-9 -2.2351741790771484E-8 -3.7349846673592E-18 -1.1090169519880932E-8
1_395 0 0 0.0 0.0 0.0 0.0
1_396 0 0 0.0 0.0 0.0 0.0
1_397 0 0 0.0 0.0 0.0 0.0
1_398 1 8 1.862645149230957E-9 1.4901161193847656E-8 -8.196959513037719E-19 2.2437737870215747E-8
1_399 0 0 0.0 0.0 0.0 0.0
1_400 0 0 0.0 0.0 0.0 0.0
1_401 0 0 0.0 0.0 0.0 0.0
1_402 2 -20 3.725290298461914E-9 -3.725290298461914E-8 -2.4642765311977162E-18 -4.307525185771926E-8
1_403 0 0 0.0 0.0 0.0 0.0
1_404 0 0 0.0 0.0 0.0 0.0
1_405 0 0 0.0 0.0 0.0 0.0
1_406 2 -5 3.725290298461914E-9 -9.313225746154785E-9 -2.051272137239327E-18 -1.0816786509100381E-8
1_407 0 0 0.0 0.0 0.0 0.0
1_408 0 0 0.0 0.0 0.0 0.0
1_409 0 0 0.0 0.0 0.0 0.0
1_410 1 -15 1.862645149230957E-9 -2.7939677238464355E-8 -2.534041771241051E-18 -1.5294470209010024E-8
1_411 0 0 0.0 0.0 0.0 0.0
1_412 0 0 0.0 0.0 0.0 0.0
1_413 0 0 0.0 0.0 0.0 0.0
1_414 1 13 1.862645149230957E-9 2.421438694000244E-8 1.0391555055660816E-17 1.6175649921783277E-8
1_415 0 0 0.0 0.0 0.0 0.0
1_416 0 0 0.0 0.0 0.0 0.0
1_417 0 0 0.0 0.0 0.0 0.0
1_418 2 -4 3.725290298461914E-9 -7.450580596923828E-9 -4.979931504113639E-18 -1.953587863757873E-8
1_419 0 0 0.0 0.0 0.0 0.0
1_420 0 0 0.0 0.0 0.0 0.0
1_421 0 0 0.0 0.0 0.0 0.0
1_422 2 25 3.725290298461914E-9 4.6566128730773926E-8 7.090551060515388E-19 3.18056417422487E-8
1_423 0 0 0.0 0.0 0.0 0.0
1_424 0 0 0.0 0.0 0.0 0.0
1_425 0 0 0.0 0.0 0.0 0.0
1_426 2 -16 3.725290298461914E-9 -2.9802322387695312E-8 3.9329075618243335E-19 -2.531120325819131E-8
1_427 0 0 0.0 0.0 0.0 0.0
1_428 0 0 0.0 0.0 0.0 0.0
1_429 0 0 0.0 0.0 0.0 0.0
1_430 2 28 3.725290298461914E-9 5.21540641784668E-8 -1.3199294976373058E-18 4.062942669489151E-8
1_431 0 0 0.0 0.0 0.0 0.0
1_432 0 0 0.0 0.0 0.0 0.0
1_433 0 0 0.0 0.0 0.0 0.0
1_434 2 11 3.725290298461914E-9 2.0489096641540527E-8 8.042130618786773E-18 7.52650640577419E-10
1_435 0 0 0.0 0.0 0.0 0.0
1_436 0 0 0.0 0.0 0.0 0.0
1_437 0 0 0.0 0.0 0.0 0.0
1_438 2 6 3.725290298461914E-9 1.1175870895385742E-8 1.8991875787442325E-18 1.628841836383436E-8
1_439 0 0 0.0 0.0 0.0 0.0
1_440 0 0 0.0 0.0 0.0 0.0
1_441 0 0 0.0 0.0 0.0 0.0
1_442 1 -7 1.862645149230957E-9 -1.30385160446167E-8 1.7571585578690538E-18 -1.0208453043613372E-8
1_443 0 0 0.0 0.0 0.0 0.0
1_444 0 0 0.0 0.0 0.0 0.0
1_445 0 0 0.0 0.0 0.0 0.0
1_446 1 6 1.862645149230957E-9 1.1175870895385742E-8 -3.9373862670867254E-18 1.6439787660522268E-9
1_447 0 0 0.0 0.0 0.0 0.0
1_448 0 0 0.0 0.0 0.0 0.0
1_449 0 0 0.0 0.0 0.0 0.0
1_450 1 5 1.862645149230957E-9 9.313225746154785E-9 -3.913120784620017E-18 2.239014810743781E-8
1_451 0 0 0.0 0.0 0.0 0.0
1_452 0 0 0.0 0.0 0.0 0.0
1_453 0 0 0.0 0.0 0.0 0.0
1_454 1 8 1.862645149230957E-9 1.4901161193847656E-8 -2.4659411904321867E-18 1.0845256988701581E-8
1_455 0 0 0.0 0.0 0.0 0.0
1_456 0 0 0.0 0.0 0.0 0.0
1_457 0 0 0.0 0.0 0.0 0.0
1_458 2 -3 3.725290298461914E-9 -5.587935447692871E-9 -6.797477867560553E-19 -2.159768093282764E-8
1_459 0 0 0.0 0.0 0.0 0.0
1_460 0 0 0.0 0.0 0.0 0.0
1_461 0 0 0.0 0.0 0.0 0.0
1_462 1 -3 1.862645149230957E-9 -5.587935447692871E-9 6.109419230197008E-18 -7.791806674322814E-9
1_463 0 0 0.0 0.0 0.0 0.0
1_464 0 0 0.0 0.0 0.0 0.0
1_465 0 0 0.0 0.0 0.0 0.0
1_466 2 -15 3.725290298461914E-9 -2.7939677238464355E-8 4.687747178376277E-18 -3.3115020259452626E-8
1_467 0 0 0.0 0.0 0.0 0.0
1_468 0 0 0.0 0.0 0.0 0.0
1_469 0 0 0.0 0.0 0.0 0.0
1_470 2 -1 3.725290298461914E-9 -1.862645149230957E-9 4.904264104676748E-19 -5.836971256905999E-9
1_471 0 0 0.0 0.0 0.0 0.0
1_472 0 0 0.0 0.0 0.0 0.0
1_473 0 0 0.0 0.0 0.0 0.0
1_474 2 -9 3.725290298461914E-9 -1.6763806343078613E-8 -3.0593014602122237E-18 -1.3975023566824162E-8
1_475 0 0 0.0 0.0 0.0 0.0
1_476 0 0 0.0 0.0 0.0 0.0
1_477 0 0 0.0 0.0 0.0 0.0
1_478 1 6 1.862645149230957E-9 1.1175870895385742E-8 2.500813229993938E-17 1.0765049662345981E-8
1_479 0 0 0.0 0.0 0.0 0.0
1_480 0 0 0.0 0.0 0.0 0.0
1_481 0 0 0.0 0.0 0.0 0.0
1_482 1 0 1.862645149230957E-9 0.0 8.515344432736677E-19 -5.257799659675768E-9
1_483 0 0 0.0 0.0 0.0 0.0
1_484 0 0 0.0 0.0 0.0 0.0
1_485 0 0 0.0 0.0 0.0 0.0
1_486 1 -27 1.862645149230957E-9 -5.029141902923584E-8 1.6624438345406104E-18 -3.525960616020646E-8
1_487 0 0 0.0 0.0 0.0 0.0
1_488 0 0 0.0 0.0 0.0 0.0
1_489 0 0 0.0 0.0 0.0 0.0
1_490 2 -19 3.725290298461914E-9 -3.5390257835388184E-8 1.7187742755192962E-18 -4.4999250153613116E-8
1_491 0 0 0.0 0.0 0.0 0.0
1_492 0 0 0.0 0.0 0.0 0.0
1_493 0 0 0.0 0.0 0.0 0.0
1_494 1 14 1.862645149230957E-9 2.60770320892334E-8 1.1065860231606067E-17 2.64811665390706E-8
1_495 0 0 0.0 0.0 0.0 0.0
1_496 0 0 0.0 0.0 0.0 0.0
1_497 0 0 0.0 0.0 0.0 0.0
1_498 1 -11 1.862645149230957E-9 -2.0489096641540527E-8 3.4734900865160506E-18 -1.4757251049236632E-8
1_499 0 0 0.0 0.0 0.0 0.0
1_500 0 0 0.0 0.0 0.0 0.0
1_501 0 0 0.0 0.0 0.0 0.0
1_502 1 -50 1.862645149230957E-9 -9.313225746154785E-8 -5.11003032571011E-18 -7.486873089739013E-8
1_503 0 0 0.0 0.0 0.0 0.0
1_504 0 0 0.0 0.0 0.0 0.0
1_505 0 0 0.0 0.0 0.0 0.0
1_506 2 -33 3.725290298461914E-9 -6.146728992462158E-8 1.0056769118919381E-17 -4.936314298825785E-8
1_507 0 0 0.0 0.0 0.0 0.0
1_508 0 0 0.0 0.0 0.0 0.0
1_509 0 0 0.0 0.0 0.0 0.0
1_510 0 268435296 0.0 0.4999997019767761 -2.0040525826224395E-16 0.49999970044100817
1_511 0 0 0.0 0.0 0.0 0.0
# === Iteration 3 ===
2_0 0 0 0.0 0.0 0.0 0.0
2_1 0 0 0.0 0.0 0.0 0.0
2_2 -63 -268435362 -1.1734664440155029E-7 -0.499999824911356 2.953499587852845E-17 -0.4999997004410081
2_3 0 0 0.0 0.0 0.0 0.0
2_4 0 0 0.0 0.0 0.0 0.0
2_5 0 0 0.0 0.0 0.0 0.0
2_6 -31 -3 -5.774199962615967E-8 -5.587935447692871E-9 -2.3472692068643837E-18 4.9363142976893225E-8
2_7 0 0 0.0 0.0 0.0 0.0
2_8 0 0 0.0 0.0 0.0 0.0
2_9 0 0 0.0 0.0 0.0 0.0
2_10 -14 28 -2.60770320892334E-8 5.21540641784668E-8 -1.993256212364988E-18 7.48687309134888E-8
2_11 0 0 0.0 0.0 0.0 0.0
2_12 0 0 0.0 0.0 0.0 0.0
2_13 0 0 0.0 0.0 0.0 0.0
2_14 -15 -6 -2.7939677238464355E-8 -1.1175870895385742E-8 -1.8704405291678846E-18 1.4757251038952143E-8
2_15 0 0 0.0 0.0 0.0 0.0
2_16 0 0 0.0 0.0 0.0 0.0
2_17 0 0 0.0 0.0 0.0 0.0
2_18 -6 -28 -1.1175870895385742E-8 -5.21540641784668E-8 -1.5982862586649256E-18 -2.6481166519527573E-8
2_19 0 0 0.0 0.0 0.0 0.0
2_20 0 0 0.0 0.0 0.0 0.0
2_21 0 0 0.0 0.0 0.0 0.0
2_22 -6 19 -1.1175870895385742E-8 3.5390257835388184E-8 1.3872477723818482E-18 4.499925014684222E-8
2_23 0 0 0.0 0.0 0.0 0.0
2_24 0 0 0.0 0.0 0.0 0.0
2_25 0 0 0.0 0.0 0.0 0.0
2_26 -5 15 -9.313225746154785E-9 2.7939677238464355E-8 3.744701412868992E-18 3.5259606169589575E-8
2_27 0 0 0.0 0.0 0.0 0.0
2_28 0 0 0.0 0.0 0.0 0.0
2_29 0 0 0.0 0.0 0.0 0.0
2_30 -7 -11 -1.30385160446167E-8 -2.0489096641540527E-8 2.2367573500889214E-18 5.257799601565686E-9
2_31 0 0 0.0 0.0 0.0 0.0
2_32 0 0 0.0 0.0 0.0 0.0
2_33 0 0 0.0 0.0 0.0 0.0
2_34 -2 -8 -3.725290298461914E-9 -1.4901161193847656E-8 -5.638523608841622E-18 -1.0765049619061332E-8
2_35 0 0 0.0 0.0 0.0 0.0
2_36 0 0 0.0 0.0 0.0 0.0
2_37 0 0 0.0 0.0 0.0 0.0
2_38 -2 11 -3.725290298461914E-9 2.0489096641540527E-8 -2.1784882761493434E-18 1.3975023566658646E-8
2_39 0 0 0.0 0.0 0.0 0.0
2_40 0 0 0.0 0.0 0.0 0.0
2_41 0 0 0.0 0.0 0.0 0.0
2_42 0 6 0.0 1.1175870895385742E-8 2.711985029660319E-18 5.836971259915853E-9
2_43 0 0 0.0 0.0 0.0 0.0
2_44 0 0 0.0 0.0 0.0 0.0
2_45 0 0 0.0 0.0 0.0 0.0
2_46 -2 16 -3.725290298461914E-9 2.9802322387695312E-8 1.6660556152877466E-18 3.3115020252550254E-8
2_47 0 0 0.0 0.0 0.0 0.0
2_48 0 0 0.0 0.0 0.0 0.0
2_49 0 0 0.0 0.0 0.0 0.0
2_50 -2 -3 -3.725290298461914E-9 -5.587935447692871E-9 -1.8102977161435185E-18 7.791806676159137E-9
2_51 0 0 0.0 0.0 0.0 0.0
2_52 0 0 0.0 0.0 0.0 0.0
2_53 0 0 0.0 0.0 0.0 0.0
2_54 -2 14 -3.725290298461914E-9 2.60770320892334E-8 -8.702925214221092E-19 2.1597680934164907E-8
2_55 0 0 0.0 0.0 0.0 0.0
2_56 0 0 0.0 0.0 0.0 0.0
2_57 0 0 0.0 0.0 0.0 0.0
2_58 -1 -5 -1.862645149230957E-9 -9.313225746154785E-9 2.5499745722590253E-18 -1.0845256986510709E-8
2_59 0 0 0.0 0.0 0.0 0.0
2_60 0 0 0.0 0.0 0.0 0.0
2_61 0 0 0.0 0.0 0.0 0.0
2_62 -3 -26 -5.587935447692871E-9 -4.842877388000488E-8 2.8901517283902164E-17 -2.239014813886399E-8
2_63 0 0 0.0 0.0 0.0 0.0
2_64 0 0 0.0 0.0 0.0 0.0
2_65 0 0 0.0 0.0 0.0 0.0
2_66 0 0 0.0 0.0 -9.530412959784032E-18 -1.6439787258231514E-9
2_67 0 0 0.0 0.0 0.0 0.0
2_68 0 0 0.0 0.0 0.0 0.0
2_69 0 0 0.0 0.0 0.0 0.0
2_70 0 13 0.0 2.421438694000244E-8 3.8276425444452466E-18 1.0208453040534236E-8
2_71 0 0 0.0 0.0 0.0 0.0
2_72 0 0 0.0 0.0 0.0 0.0
2_73 0 0 0.0 0.0 0.0 0.0
2_74 1 -4 1.862645149230957E-9 -7.450580596923828E-9 3.3627653440809274E-18 -1.6288418367040258E-8
2_75 0 0 0.0 0.0 0.0 0.0
2_76 0 0 0.0 0.0 0.0 0.0
2_77 0 0 0.0 0.0 0.0 0.0
2_78 0 -8 0.0 -1.4901161193847656E-8 1.3125690794999483E-18 -7.526506411664477E-10
2_79 0 0 0.0 0.0 0.0 0.0
2_80 0 0 0.0 0.0 0.0 0.0
2_81 0 0 0.0 0.0 0.0 0.0
2_82 1 -24 1.862645149230957E-9 -4.470348358154297E-8 -3.3528797503285987E-18 -4.062942669742002E-8
2_83 0 0 0.0 0.0 0.0 0.0
2_84 0 0 0.0 0.0 0.0 0.0
2_85 0 0 0.0 0.0 0.0 0.0
2_86 2 19 3.725290298461914E-9 3.5390257835388184E-8 -5.15943029460265E-19 2.5311203261035142E-8
2_87 0 0 0.0 0.0 0.0 0.0
2_88 0 0 0.0 0.0 0.0 0.0
2_89 0 0 0.0 0.0 0.0 0.0
2_90 1 -16 1.862645149230957E-9 -2.9802322387695312E-8 -8.054596977221441E-19 -3.1805641741669594E-8
2_91 0 0 0.0 0.0 0.0 0.0
2_92 0 0 0.0 0.0 0.0 0.0
2_93 0 0 0.0 0.0 0.0 0.0
2_94 0 11 0.0 2.0489096641540527E-8 2.5822395692817737E-18 1.9535878611224776E-8
2_95 0 0 0.0 0.0 0.0 0.0
2_96 0 0 0.0 0.0 0.0 0.0
2_97 0 0 0.0 0.0 0.0 0.0
2_98 0 -13 0.0 -2.421438694000244E-8 4.898278602943859E-18 -1.6175649911756987E-8
2_99 0 0 0.0 0.0 0.0 0.0
2_100 0 0 0.0 0.0 0.0 0.0
2_101 0 0 0.0 0.0 0.0 0.0
2_102 0 8 0.0 1.4901161193847656E-8 1.2636629563609397E-18 1.5294470210118932E-8
2_103 0 0 0.0 0.0 0.0 0.0
2_104 0 0 0.0 0.0 0.0 0.0
2_105 0 0 0.0 0.0 0.0 0.0
2_106 1 4 1.862645149230957E-9 7.450580596923828E-9 -4.853915688742178E-19 1.081678650882519E-8
2_107 0 0 0.0 0.0 0.0 0.0
2_108 0 0 0.0 0.0 0.0 0.0
2_109 0 0 0.0 0.0 0.0 0.0
2_110 0 21 0.0 3.91155481338501E-8 -8.698857431233449E-18 4.307525185422074E-8
2_111 0 0 0.0 0.0 0.0 0.0
2_112 0 0 0.0 0.0 0.0 0.0
2_113 0 0 0.0 0.0 0.0 0.0
2_114 0 -6 0.0 -1.1175870895385742E-8 -5.286000221479565E-18 -2.2437737860886182E-8
2_115 0 0 0.0 0.0 0.0 0.0
2_116 0 0 0.0 0.0 0.0 0.0
2_117 0 0 0.0 0.0 0.0 0.0
2_118 0 5 0.0 9.313225746154785E-9 -9.505662639673178E-19 1.1090169519249108E-8
2_119 0 0 0.0 0.0 0.0 0.0
2_120 0 0 0.0 0.0 0.0 0.0
2_121 0 0 0.0 0.0 0.0 0.0
2_122 -1 12 -1.862645149230957E-9 2.2351741790771484E-8 -9.134703571699041E-19 1.7792777202680814E-8
2_123 0 0 0.0 0.0 0.0 0.0
2_124 0 0 0.0 0.0 0.0 0.0
2_125 0 0 0.0 0.0 0.0 0.0
2_126 -1 7 -1.862645149230957E-9 1.30385160446167E-8 -5.611509541422663E-18 4.67814722981894E-9
2_127 0 0 0.0 0.0 0.0 0.0
2_128 0 0 0.0 0.0 0.0 0.0
2_129 0 0 0.0 0.0 0.0 0.0
2_130 1 -6 1.862645149230957E-9 -1.1175870895385742E-8 1.1363414911202886E-18 -1.1900101993675101E-8
2_131 0 0 0.0 0.0 0.0 0.0
2_132 0 0 0.0 0.0 0.0 0.0
2_133 0 0 0.0 0.0 0.0 0.0
2_134 1 3 1.862645149230957E-9 5.587935447692871E-9 -1.8487259021260684E-20 2.5557503268883707E-9
2_135 0 0 0.0 0.0 0.0 0.0
2_136 0 0 0.0 0.0 0.0 0.0
2_137 0 0 0.0 0.0 0.0 0.0
2_138 2 24 3.725290298461914E-9 4.470348358154297E-8 2.037919580996343E-18 3.360199720470999E-8
2_139 0 0 0.0 0.0 0.0 0.0
2_140 0 0 0.0 0.0 0.0 0.0
2_141 0 0 0.0 0.0 0.0 0.0
2_142 1 12 1.862645149230957E-9 2.2351741790771484E-8 -6.169746711293126E-18 3.309888291627068E-8
2_143 0 0 0.0 0.0 0.0 0.0
2_144 0 0 0.0 0.0 0.0 0.0
2_145 0 0 0.0 0.0 0.0 0.0
2_146 2 0 3.725290298461914E-9 0.0 -2.5877133852865543E-18 7.586524575482298E-9
2_147 0 0 0.0 0.0 0.0 0.0
2_148 0 0 0.0 0.0 0.0 0.0
2_149 0 0 0.0 0.0 0.0 0.0
2_150 2 19 3.725290298461914E-9 3.5390257835388184E-8 -7.341987699854441E-19 3.204360860030482E-8
2_151 0 0 0.0 0.0 0.0 0.0
2_152 0 0 0.0 0.0 0.0 0.0
2_153 0 0 0.0 0.0 0.0 0.0
2_154 1 -15 1.862645149230957E-9 -2.7939677238464355E-8 -1.890047336373098E-18 -2.0896805781992274E-8
2_155 0 0 0.0 0.0 0.0 0.0
2_156 0 0 0.0 0.0 0.0 0.0
2_157 0 0 0.0 0.0 0.0 0.0
2_158 1 5 1.862645149230957E-9 9.313225746154785E-9 2.012115203271066E-17 -1.1439735096059806E-9
2_159 0 0 0.0 0.0 0.0 0.0
2_160 0 0 0.0 0.0 0.0 0.0
2_161 0 0 0.0 0.0 0.0 0.0
2_162 2 24 3.725290298461914E-9 4.470348358154297E-8 -1.1088949822104305E-18 3.1637019214348136E-8
2_163 0 0 0.0 0.0 0.0 0.0
2_164 0 0 0.0 0.0 0.0 0.0
2_165 0 0 0.0 0.0 0.0 0.0
2_166 2 5 3.725290298461914E-9 9.313225746154785E-9 3.166466430881225E-18 -8.762195708621439E-10
2_167 0 0 0.0 0.0 0.0 0.0
2_168 0 0 0.0 0.0 0.0 0.0
2_169 0 0 0.0 0.0 0.0 0.0
2_170 2 20 3.725290298461914E-9 3.725290298461914E-8 -2.0049837722946116E-18 2.3727930026502665E-8
2_171 0 0 0.0 0.0 0.0 0.0
2_172 0 0 0.0 0.0 0.0 0.0
2_173 0 0 0.0 0.0 0.0 0.0
2_174 2 4 3.725290298461914E-9 7.450580596923828E-9 5.6597543366361375E-18 -9.768467657901017E-9
2_175 0 0 0.0 0.0 0.0 0.0
2_176 0 0 0.0 0.0 0.0 0.0
2_177 0 0 0.0 0.0 0.0 0.0
2_178 2 -21 3.725290298461914E-9 -3.91155481338501E-8 -2.7529204821650592E-18 -4.364095046338428E-8
2_179 0 0 0.0 0.0 0.0 0.0
2_180 0 0 0.0 0.0 0.0 0.0
2_181 0 0 0.0 0.0 0.0 0.0
2_182 2 -10 3.725290298461914E-9 -1.862645149230957E-8 -1.3969385650999207E-18 -2.082883861714049E-8
2_183 0 0 0.0 0.0 0.0 0.0
2_184 0 0 0.0 0.0 0.0 0.0
2_185 0 0 0.0 0.0 0.0 0.0
2_186 1 17 1.862645149230957E-9 3.166496753692627E-8 4.411241294645374E-19 3.016302788734383E-8
2_187 0 0 0.0 0.0 0.0 0.0
2_188 0 0 0.0 0.0 0.0 0.0
2_189 0 0 0.0 0.0 0.0 0.0
2_190 1 10 1.862645149230957E-9 1.862645149230957E-8 2.8789364918202654E-17 6.2514903420875575E-9
2_191 0 0 0.0 0.0 0.0 0.0
2_192 0 0 0.0 0.0 0.0 0.0
2_193 0 0 0.0 0.0 0.0 0.0
2_194 1 -5 1.862645149230957E-9 -9.313225746154785E-9 -1.2003380618029606E-17 -2.6900919508317165E-8
2_195 0 0 0.0 0.0 0.0 0.0
2_196 0 0 0.0 0.0 0.0 0.0
2_197 0 0 0.0 0.0 0.0 0.0
2_198 1 22 1.862645149230957E-9 4.0978193283081055E-8 3.0250324014099174E-18 1.4597681976419642E-8
2_199 0 0 0.0 0.0 0.0 0.0
2_200 0 0 0.0 0.0 0.0 0.0
2_201 0 0 0.0 0.0 0.0 0.0
2_202 2 7 3.725290298461914E-9 1.30385160446167E-8 -4.822724898119747E-18 -7.819342775634891E-10
2_203 0 0 0.0 0.0 0.0 0.0
2_204 0 0 0.0 0.0 0.0 0.0
2_205 0 0 0.0 0.0 0.0 0.0
2_206 1 -17 1.862645149230957E-9 -3.166496753692627E-8 -6.330454049036919E-18 -2.7213955504985006E-8
2_207 0 0 0.0 0.0 0.0 0.0
2_208 0 0 0.0 0.0 0.0 0.0
2_209 0 0 0.0 0.0 0.0 0.0
2_210 2 -21 3.725290298461914E-9 -3.91155481338501E-8 4.657377242186392E-18 -4.310519989668606E-8
2_211 0 0 0.0 0.0 0.0 0.0
2_212 0 0 0.0 0.0 0.0 0.0
2_213 0 0 0.0 0.0 0.0 0.0
2_214 2 -1 3.725290298461914E-9 -1.862645149230957E-9 -2.435320515119122E-18 -2.0277486254350363E-9
2_215 0 0 0.0 0.0 0.0 0.0
2_216 0 0 0.0 0.0 0.0 0.0
2_217 0 0 0.0 0.0 0.0 0.0
2_218 2 1 3.725290298461914E-9 1.862645149230957E-9 -1.9894564358958121E-19 -8.140864596684708E-9
2_219 0 0 0.0 0.0 0.0 0.0
2_220 0 0 0.0 0.0 0.0 0.0
2_221 0 0 0.0 0.0 0.0 0.0
2_222 1 28 1.862645149230957E-9 5.21540641784668E-8 1.2581171723657711E-17 2.0605357060863522E-8
2_223 0 0 0.0 0.0 0.0 0.0
2_224 0 0 0.0 0.0 0.0 0.0
2_225 0 0 0.0 0.0 0.0 0.0
2_226 1 26 1.862645149230957E-9 4.842877388000488E-8 7.108227492722721E-19 3.114603520226525E-8
2_227 0 0 0.0 0.0 0.0 0.0
2_228 0 0 0.0 0.0 0.0 0.0
2_229 0 0 0.0 0.0 0.0 0.0
2_230 1 7 1.862645149230957E-9 1.30385160446167E-8 2.326239732502164E-18 8.991553135755147E-9
2_231 0 0 0.0 0.0 0.0 0.0
2_232 0 0 0.0 0.0 0.0 0.0
2_233 0 0 0.0 0.0 0.0 0.0
2_234 2 11 3.725290298461914E-9 2.0489096641540527E-8 -2.6011582755654147E-18 6.981335922327766E-9
2_235 0 0 0.0 0.0 0.0 0.0
2_236 0 0 0.0 0.0 0.0 0.0
2_237 0 0 0.0 0.0 0.0 0.0
2_238 1 0 1.862645149230957E-9 0.0 1.5237470491138174E-18 1.6987886177648293E-8
2_239 0 0 0.0 0.0 0.0 0.0
2_240 0 0 0.0 0.0 0.0 0.0
2_241 0 0 0.0 0.0 0.0 0.0
2_242 1 23 1.862645149230957E-9 4.284083843231201E-8 3.603043114054106E-18 3.821943922975773E-8
2_243 0 0 0.0 0.0 0.0 0.0
2_244 0 0 0.0 0.0 0.0 0.0
2_245 0 0 0.0 0.0 0.0 0.0
2_246 1 -8 1.862645149230957E-9 -1.4901161193847656E-8 7.223258748114567E-19 -3.1199426372261475E-9
2_247 0 0 0.0 0.0 0.0 0.0
2_248 0 0 0.0 0.0 0.0 0.0
2_249 0 0 0.0 0.0 0.0 0.0
2_250 2 9 3.725290298461914E-9 1.6763806343078613E-8 1.442901476221889E-18 5.386156408754198E-9
2_251 0 0 0.0 0.0 0.0 0.0
2_252 0 0 0.0 0.0 0.0 0.0
2_253 0 0 0.0 0.0 0.0 0.0
2_254 0 -6 0.0 -1.1175870895385742E-8 9.496282330949707E-18 -3.133297477031505E-8
2_255 0 0 0.0 0.0 0.0 0.0
2_256 0 0 0.0 0.0 0.0 0.0
2_257 0 0 0.0 0.0 0.0 0.0
2_258 1 14 1.862645149230957E-9 2.60770320892334E-8 -3.4247501650308818E-18 3.1332974714803896E-8
2_259 0 0 0.0 0.0 0.0 0.0
2_260 0 0 0.0 0.0 0.0 0.0
2_261 0 0 0.0 0.0 0.0 0.0
2_262 1 -7 1.862645149230957E-9 -1.30385160446167E-8 9.149350872395824E-19 -5.386156407845556E-9
2_263 0 0 0.0 0.0 0.0 0.0
2_264 0 0 0.0 0.0 0.0 0.0
2_265 0 0 0.0 0.0 0.0 0.0
2_266 2 8 3.725290298461914E-9 1.4901161193847656E-8 1.2663398967978588E-19 3.1199426371144913E-9
2_267 0 0 0.0 0.0 0.0 0.0
2_268 0 0 0.0 0.0 0.0 0.0
2_269 0 0 0.0 0.0 0.0 0.0
2_270 1 -22 1.862645149230957E-9 -4.0978193283081055E-8 4.213428208406556E-18 -3.821943923990857E-8
2_271 0 0 0.0 0.0 0.0 0.0
2_272 0 0 0.0 0.0 0.0 0.0
2_273 0 0 0.0 0.0 0.0 0.0
2_274 2 0 3.725290298461914E-9 0.0 2.1683505573570467E-18 -1.6987886184447155E-8
2_275 0 0 0.0 0.0 0.0 0.0
2_276 0 0 0.0 0.0 0.0 0.0
2_277 0 0 0.0 0.0 0.0 0.0
2_278 2 3 3.725290298461914E-9 5.587935447692871E-9 -5.339271767480866E-19 -6.981335923404739E-9
2_279 0 0 0.0 0.0 0.0 0.0
2_280 0 0 0.0 0.0 0.0 0.0
2_281 0 0 0.0 0.0 0.0 0.0
2_282 3 -5 5.587935447692871E-9 -9.313225746154785E-9 1.985275015078901E-18 -8.99155313673026E-9
2_283 0 0 0.0 0.0 0.0 0.0
2_284 0 0 0.0 0.0 0.0 0.0
2_285 0 0 0.0 0.0 0.0 0.0
2_286 1 -19 1.862645149230957E-9 -3.5390257835388184E-8 1.7249754595681352E-17 -3.114603519864598E-8
2_287 0 0 0.0 0.0 0.0 0.0
2_288 0 0 0.0 0.0 0.0 0.0
2_289 0 0 0.0 0.0 0.0 0.0
2_290 2 -12 3.725290298461914E-9 -2.2351741790771484E-8 2.3014582057102322E-19 -2.0605357064884222E-8
2_291 0 0 0.0 0.0 0.0 0.0
2_292 0 0 0.0 0.0 0.0 0.0
2_293 0 0 0.0 0.0 0.0 0.0
2_294 2 3 3.725290298461914E-9 5.587935447692871E-9 1.4928606231011333E-19 8.140864598860808E-9
2_295 0 0 0.0 0.0 0.0 0.0
2_296 0 0 0.0 0.0 0.0 0.0
2_297 0 0 0.0 0.0 0.0 0.0
2_298 4 6 7.450580596923828E-9 1.1175870895385742E-8 -2.1428469664591042E-18 2.0277486253775605E-9
2_299 0 0 0.0 0.0 0.0 0.0
2_300 0 0 0.0 0.0 0.0 0.0
2_301 0 0 0.0 0.0 0.0 0.0
2_302 2 24 3.725290298461914E-9 4.470348358154297E-8 1.0881766636789022E-17 4.310519989869588E-8
2_303 0 0 0.0 0.0 0.0 0.0
2_304 0 0 0.0 0.0 0.0 0.0
2_305 0 0 0.0 0.0 0.0 0.0
2_306 2 17 3.725290298461914E-9 3.166496753692627E-8 5.025749513482542E-18 2.7213955506229886E-8
2_307 0 0 0.0 0.0 0.0 0.0
2_308 0 0 0.0 0.0 0.0 0.0
2_309 0 0 0.0 0.0 0.0 0.0
2_310 2 -2 3.725290298461914E-9 -3.725290298461914E-9 -3.2890860921741447E-18 7.819342748540127E-10
2_311 0 0 0.0 0.0 0.0 0.0
2_312 0 0 0.0 0.0 0.0 0.0
2_313 0 0 0.0 0.0 0.0 0.0
2_314 3 -13 5.587935447692871E-9 -2.421438694000244E-8 1.451956415592354E-18 -1.4597681978907075E-8
2_315 0 0 0.0 0.0 0.0 0.0
2_316 0 0 0.0 0.0 0.0 0.0
2_317 0 0 0.0 0.0 0.0 0.0
2_318 1 18 1.862645149230957E-9 3.3527612686157227E-8 8.517762052456033E-18 2.69009195101032E-8
2_319 0 0 0.0 0.0 0.0 0.0
2_320 0 0 0.0 0.0 0.0 0.0
2_321 0 0 0.0 0.0 0.0 0.0
2_322 2 -8 3.725290298461914E-9 -1.4901161193847656E-8 1.1747913702310128E-17 -6.25149035267649E-9
2_323 0 0 0.0 0.0 0.0 0.0
2_324 0 0 0.0 0.0 0.0 0.0
2_325 0 0 0.0 0.0 0.0 0.0
2_326 2 -15 3.725290298461914E-9 -2.7939677238464355E-8 1.112389096515431E-18 -3.016302788630642E-8
2_327 0 0 0.0 0.0 0.0 0.0
2_328 0 0 0.0 0.0 0.0 0.0
2_329 0 0 0.0 0.0 0.0 0.0
2_330 3 16 5.587935447692871E-9 2.9802322387695312E-8 -1.8558939794589727E-18 2.0828838617458556E-8
2_331 0 0 0.0 0.0 0.0 0.0
2_332 0 0 0.0 0.0 0.0 0.0
2_333 0 0 0.0 0.0 0.0 0.0
2_334 2 20 3.725290298461914E-9 3.725290298461914E-8 -3.139932399636186E-18 4.364095046529878E-8
2_335 0 0 0.0 0.0 0.0 0.0
2_336 0 0 0.0 0.0 0.0 0.0
2_337 0 0 0.0 0.0 0.0 0.0
2_338 3 12 5.587935447692871E-9 2.2351741790771484E-8 6.128055981239841E-18 9.768467661377869E-9
2_339 0 0 0.0 0.0 0.0 0.0
2_340 0 0 0.0 0.0 0.0 0.0
2_341 0 0 0.0 0.0 0.0 0.0
2_342 2 -13 3.725290298461914E-9 -2.421438694000244E-8 -2.1043217114641904E-18 -2.372793002621374E-8
2_343 0 0 0.0 0.0 0.0 0.0
2_344 0 0 0.0 0.0 0.0 0.0
2_345 0 0 0.0 0.0 0.0 0.0
2_346 3 4 5.587935447692871E-9 7.450580596923828E-9 1.3472728833634352E-18 8.762195696120887E-10
2_347 0 0 0.0 0.0 0.0 0.0
2_348 0 0 0.0 0.0 0.0 0.0
2_349 0 0 0.0 0.0 0.0 0.0
2_350 2 -9 3.725290298461914E-9 -1.6763806343078613E-8 6.6161777322987255E-18 -3.163701920179551E-8
2_351 0 0 0.0 0.0 0.0 0.0
2_352 0 0 0.0 0.0 0.0 0.0
2_353 0 0 0.0 0.0 0.0 0.0
2_354 2 3 3.725290298461914E-9 5.587935447692871E-9 5.394142774486735E-18 1.143973500852307E-9
2_355 0 0 0.0 0.0 0.0 0.0
2_356 0 0 0.0 0.0 0.0 0.0
2_357 0 0 0.0 0.0 0.0 0.0
2_358 2 8 3.725290298461914E-9 1.4901161193847656E-8 1.2329191345341813E-18 2.0896805781079236E-8
2_359 0 0 0.0 0.0 0.0 0.0
2_360 0 0 0.0 0.0 0.0 0.0
2_361 0 0 0.0 0.0 0.0 0.0
2_362 3 -12 5.587935447692871E-9 -2.2351741790771484E-8 2.0104757117536243E-19 -3.2043608602250523E-8
2_363 0 0 0.0 0.0 0.0 0.0
2_364 0 0 0.0 0.0 0.0 0.0
2_365 0 0 0.0 0.0 0.0 0.0
2_366 2 5 3.725290298461914E-9 9.313225746154785E-9 -9.20904601176932E-19 -7.586524574673507E-9
2_367 0 0 0.0 0.0 0.0 0.0
2_368 0 0 0.0 0.0 0.0 0.0
2_369 0 0 0.0 0.0 0.0 0.0
2_370 2 -10 3.725290298461914E-9 -1.862645149230957E-8 -3.3406335481549042E-18 -3.309888291568178E-8
2_371 0 0 0.0 0.0 0.0 0.0
2_372 0 0 0.0 0.0 0.0 0.0
2_373 0 0 0.0 0.0 0.0 0.0
2_374 2 -11 3.725290298461914E-9 -2.0489096641540527E-8 1.6384453604164922E-18 -3.360199720541081E-8
2_375 0 0 0.0 0.0 0.0 0.0
2_376 0 0 0.0 0.0 0.0 0.0
2_377 0 0 0.0 0.0 0.0 0.0
2_378 1 -4 1.862645149230957E-9 -7.450580596923828E-9 -4.176998553844261E-18 -2.5557503290670735E-9
2_379 0 0 0.0 0.0 0.0 0.0
2_380 0 0 0.0 0.0 0.0 0.0
2_381 0 0 0.0 0.0 0.0 0.0
2_382 1 -1 1.862645149230957E-9 -1.862645149230957E-9 -4.8862248882836444E-18 1.1900101988038949E-8
2_383 0 0 0.0 0.0 0.0 0.0
2_384 0 0 0.0 0.0 0.0 0.0
2_385 0 0 0.0 0.0 0.0 0.0
2_386 1 -14 1.862645149230957E-9 -2.60770320892334E-8 6.877755587019833E-19 -4.678147224182787E-9
2_387 0 0 0.0 0.0 0.0 0.0
2_388 0 0 0.0 0.0 0.0 0.0
2_389 0 0 0.0 0.0 0.0 0.0
2_390 1 -13 1.862645149230957E-9 -2.421438694000244E-8 4.408047571709719E-20 -1.779277720406204E-8
2_391 0 0 0.0 0.0 0.0 0.0
2_392 0 0 0.0 0.0 0.0 0.0
2_393 0 0 0.0 0.0 0.0 0.0
2_394 2 -12 3.725290298461914E-9 -2.2351741790771484E-8 -3.7349846673592E-18 -1.1090169519880932E-8
2_395 0 0 0.0 0.0 0.0 0.0
2_396 0 0 0.0 0.0 0.0 0.0
2_397 0 0 0.0 0.0 0.0 0.0
2_398 1 8 1.862645149230957E-9 1.4901161193847656E-8 -8.196959513037719E-19 2.2437737870215747E-8
2_399 0 0 0.0 0.0 0.0 0.0
2_400 0 0 0.0 0.0 0.0 0.0
2_401 0 0 0.0 0.0 0.0 0.0
2_402 2 -20 3.725290298461914E-9 -3.725290298461914E-8 -2.4642765311977162E-18 -4.307525185771926E-8
2_403 0 0 0.0 0.0 0.0 0.0
2_404 0 0 0.0 0.0 0.0 0.0
2_405 0 0 0.0 0.0 0.0 0.0
2_406 2 -5 3.725290298461914E-9 -9.313225746154785E-9 -2.051272137239327E-18 -1.0816786509100381E-8
2_407 0 0 0.0 0.0 0.0 0.0
2_408 0 0 0.0 0.0 0.0 0.0
2_409 0 0 0.0 0.0 0.0 0.0
2_410 1 -15 1.862645149230957E-9 -2.7939677238464355E-8 -2.534041771241051E-18 -1.5294470209010024E-8
2_411 0 0 0.0 0.0 0.0 0.0
2_412 0 0 0.0 0.0 0.0 0.0
2_413 0 0 0.0 0.0 0.0 0.0
2_414 1 13 1.862645149230957E-9 2.421438694000244E-8 1.0391555055660816E-17 1.6175649921783277E-8
2_415 0 0 0.0 0.0 0.0 0.0
2_416 0 0 0.0 0.0 0.0 0.0
2_417 0 0 0.0 0.0 0.0 0.0
2_418 2 -4 3.725290298461914E-9 -7.450580596923828E-9 -4.979931504113639E-18 -1.953587863757873E-8
2_419 0 0 0.0 0.0 0.0 0.0
2_420 0 0 0.0 0.0 0.0 0.0
2_421 0 0 0.0 0.0 0.0 0.0
2_422 2 25 3.725290298461914E-9 4.6566128730773926E-8 7.090551060515388E-19 3.18056417422487E-8
2_423 0 0 0.0 0.0 0.0 0.0
2_424 0 0 0.0 0.0 0.0 0.0
2_425 0 0 0.0 0.0 0.0 0.0
2_426 2 -16 3.725290298461914E-9 -2.9802322387695312E-8 3.9329075618243335E-19 -2.531120325819131E-8
2_427 0 0 0.0 0.0 0.0 0.0
2_428 0 0 0.0 0.0 0.0 0.0
2_429 0 0 0.0 0.0 0.0 0.0
2_430 2 28 3.725290298461914E-9 5.21540641784668E-8 -1.3199294976373058E-18 4.062942669489151E-8
2_431 0 0 0.0 0.0 0.0 0.0
2_432 0 0 0.0 0.0 0.0 0.0
2_433 0 0 0.0 0.0 0.0 0.0
2_434 2 11 3.725290298461914E-9 2.0489096641540527E-8 8.042130618786773E-18 7.52650640577419E-10
2_435 0 0 0.0 0.0 0.0 0.0
2_436 0 0 0.0 0.0 0.0 0.0
2_437 0 0 0.0 0.0 0.0 0.0
2_438 2 6 3.725290298461914E-9 1.1175870895385742E-8 1.8991875787442325E-18 1.628841836383436E-8
2_439 0 0 0.0 0.0 0.0 0.0
2_440 0 0 0.0 0.0 0.0 0.0
2_441 0 0 0.0 0.0 0.0 0.0
2_442 1 -7 1.862645149230957E-9 -1.30385160446167E-8 1.7571585578690538E-18 -1.0208453043613372E-8
2_443 0 0 0.0 0.0 0.0 0.0
2_444 0 0 0.0 0.0 0.0 0.0
2_445 0 0 0.0 0.0 0.0 0.0
2_446 1 6 1.862645149230957E-9 1.1175870895385742E-8 -3.9373862670867254E-18 1.6439787660522268E-9
2_447 0 0 0.0 0.0 0.0 0.0
2_448 0 0 0.0 0.0 0.0 0.0
2_449 0 0 0.0 0.0 0.0 0.0
2_450 1 5 1.862645149230957E-9 9.313225746154785E-9 -3.913120784620017E-18 2.239014810743781E-8
2_451 0 0 0.0 0.0 0.0 0.0
2_452 0 0 0.0 0.0 0.0 0.0
2_453 0 0 0.0 0.0 0.0 0.0
2_454 1 8 1.862645149230957E-9 1.4901161193847656E-8 -2.4659411904321867E-18 1.0845256988701581E-8
2_455 0 0 0.0 0.0 0.0 0.0
2_456 0 0 0.0 0.0 0.0 0.0
2_457 0 0 0.0 0.0 0.0 0.0
2_458 2 -3 3.725290298461914E-9 -5.587935447692871E-9 -6.797477867560553E-19 -2.159768093282764E-8
2_459 0 0 0.0 0.0 0.0 0.0
2_460 0 0 0.0 0.0 0.0 0.0
2_461 0 0 0.0 0.0 0.0 0.0
2_462 1 -3 1.862645149230957E-9 -5.587935447692871E-9 6.109419230197008E-18 -7.791806674322814E-9
2_463 0 0 0.0 0.0 0.0 0.0
2_464 0 0 0.0 0.0 0.0 0.0
2_465 0 0 0.0 0.0 0.0 0.0
2_466 2 -15 3.725290298461914E-9 -2.7939677238464355E-8 4.687747178376277E-18 -3.3115020259452626E-8
2_467 0 0 0.0 0.0 0.0 0.0
2_468 0 0 0.0 0.0 0.0 0.0
2_469 0 0 0.0 0.0 0.0 0.0
2_470 2 -1 3.725290298461914E-9 -1.862645149230957E-9 4.904264104676748E-19 -5.836971256905999E-9
2_471 0 0 0.0 0.0 0.0 0.0
2_472 0 0 0.0 0.0 0.0 0.0
2_473 0 0 0.0 0.0 0.0 0.0
2_474 2 -9 3.725290298461914E-9 -1.6763806343078613E-8 -3.0593014602122237E-18 -1.3975023566824162E-8
2_475 0 0 0.0 0.0 0.0 0.0
2_476 0 0 0.0 0.0 0.0 0.0
2_477 0 0 0.0 0.0 0.0 0.0
2_478 1 6 1.862645149230957E-9 1.1175870895385742E-8 2.500813229993938E-17 1.0765049662345981E-8
2_479 0 0 0.0 0.0 0.0 0.0
2_480 0 0 0.0 0.0 0.0 0.0
2_481 0 0 0.0 0.0 0.0 0.0
2_482 1 0 1.862645149230957E-9 0.0 8.515344432736677E-19 -5.257799659675768E-9
2_483 0 0 0.0 0.0 0.0 0.0
2_484 0 0 0.0 0.0 0.0 0.0
2_485 0 0 0.0 0.0 0.0 0.0
2_486 1 -27 1.862645149230957E-9 -5.029141902923584E-8 1.6624438345406104E-18 -3.525960616020646E-8
2_487 0 0 0.0 0.0 0.0 0.0
2_488 0 0 0.0 0.0 0.0 0.0
2_489 0 0 0.0 0.0 0.0 0.0
2_490 2 -19 3.725290298461914E-9 -3.5390257835388184E-8 1.7187742755192962E-18 -4.4999250153613116E-8
2_491 0 0 0.0 0.0 0.0 0.0
2_492 0 0 0.0 0.0 0.0 0.0
2_493 0 0 0.0 0.0 0.0 0.0
2_494 1 14 1.862645149230957E-9 2.60770320892334E-8 1.1065860231606067E-17 2.64811665390706E-8
2_495 0 0 0.0 0.0 0.0 0.0
2_496 0 0 0.0 0.0 0.0 0.0
2_497 0 0 0.0 0.0 0.0 0.0
2_498 1 -11 1.862645149230957E-9 -2.0489096641540527E-8 3.4734900865160506E-18 -1.4757251049236632E-8
2_499 0 0 0.0 0.0 0.0 0.0
2_500 0 0 0.0 0.0 0.0 0.0
2_501 0 0 0.0 0.0 0.0 0.0
2_502 1 -50 1.862645149230957E-9 -9.313225746154785E-8 -5.11003032571011E-18 -7.486873089739013E-8
2_503 0 0 0.0 0.0 0.0 0.0
2_504 0 0 0.0 0.0 0.0 0.0
2_505 0 0 0.0 0.0 0.0 0.0
2_506 2 -33 3.725290298461914E-9 -6.146728992462158E-8 1.0056769118919381E-17 -4.936314298825785E-8
2_507 0 0 0.0 0.0 0.0 0.0
2_508 0 0 0.0 0.0 0.0 0.0
2_509 0 0 0.0 0.0 0.0 0.0
2_510 0 268435296 0.0 0.4999997019767761 -2.0040525826224395E-16 0.49999970044100817
2_511 0 0 0.0 0.0 0.0 0.0
# === Iteration 4 ===
3_0 0 0 0.0 0.0 0.0 0.0
3_1 0 0 0.0 0.0 0.0 0.0
3_2 -63 -268435362 -1.1734664440155029E-7 -0.499999824911356 2.953499587852845E-17 -0.4999997004410081
3_3 0 0 0.0 0.0 0.0 0.0
3_4 0 0 0.0 0.0 0.0 0.0
3_5 0 0 0.0 0.0 0.0 0.0
3_6 -31 -3 -5.774199962615967E-8 -5.587935447692871E-9 -2.3472692068643837E-18 4.9363142976893225E-8
3_7 0 0 0.0 0.0 0.0 0.0
3_8 0 0 0.0 0.0 0.0 0.0
3_9 0 0 0.0 0.0 0.0 0.0
3_10 -14 28 -2.60770320892334E-8 5.21540641784668E-8 -1.993256212364988E-18 7.48687309134888E-8
3_11 0 0 0.0 0.0 0.0 0.0
3_12 0 0 0.0 0.0 0.0 0.0
3_13 0 0 0.0 0.0 0.0 0.0
3_14 -15 -6 -2.7939677238464355E-8 -1.1175870895385742E-8 -1.8704405291678846E-18 1.4757251038952143E-8
3_15 0 0 0.0 0.0 0.0 0.0
3_16 0 0 0.0 0.0 0.0 0.0
3_17 0 0 0.0 0.0 0.0 0.0
3_18 -6 -28 -1.1175870895385742E-8 -5.21540641784668E-8 -1.5982862586649256E-18 -2.6481166519527573E-8
3_19 0 0 0.0 0.0 0.0 0.0
3_20 0 0 0.0 0.0 0.0 0.0
3_21 0 0 0.0 0.0 0.0 0.0
3_22 -6 19 -1.1175870895385742E-8 3.5390257835388184E-8 1.3872477723818482E-18 4.499925014684222E-8
3_23 0 0 0.0 0.0 0.0 0.0
3_24 0 0 0.0 0.0 0.0 0.0
3_25 0 0 0.0 0.0 0.0 0.0
3_26 -5 15 -9.313225746154785E-9 2.7939677238464355E-8 3.744701412868992E-18 3.5259606169589575E-8
3_27 0 0 0.0 0.0 0.0 0.0
3_28 0 0 0.0 0.0 0.0 0.0
3_29 0 0 0.0 0.0 0.0 0.0
3_30 -7 -11 -1.30385160446167E-8 -2.0489096641540527E-8 2.2367573500889214E-18 5.257799601565686E-9
3_31 0 0 0.0 0.0 0.0 0.0
3_32 0 0 0.0 0.0 0.0 0.0
3_33 0 0 0.0 0.0 0.0 0.0
3_34 -2 -8 -3.725290298461914E-9 -1.4901161193847656E-8 -5.638523608841622E-18 -1.0765049619061332E-8
3_35 0 0 0.0 0.0 0.0 0.0
3_36 0 0 0.0 0.0 0.0 0.0
3_37 0 0 0.0 0.0 0.0 0.0
3_38 -2 11 -3.725290298461914E-9 2.0489096641540527E-8 -2.1784882761493434E-18 1.3975023566658646E-8
3_39 0 0 0.0 0.0 0.0 0.0
3_40 0 0 0.0 0.0 0.0 0.0
3_41 0 0 0.0 0.0 0.0 0.0
3_42 0 6 0.0 1.1175870895385742E-8 2.711985029660319E-18 5.836971259915853E-9
3_43 0 0 0.0 0.0 0.0 0.0
3_44 0 0 0.0 0.0 0.0 0.0
3_45 0 0 0.0 0.0 0.0 0.0
3_46 -2 16 -3.725290298461914E-9 2.9802322387695312E-8 1.6660556152877466E-18 3.3115020252550254E-8
3_47 0 0 0.0 0.0 0.0 0.0
3_48 0 0 0.0 0.0 0.0 0.0
3_49 0 0 0.0 0.0 0.0 0.0
3_50 -2 -3 -3.725290298461914E-9 -5.587935447692871E-9 -1.8102977161435185E-18 7.791806676159137E-9
3_51 0 0 0.0 0.0 0.0 0.0
3_52 0 0 0.0 0.0 0.0 0.0
3_53 0 0 0.0 0.0 0.0 0.0
3_54 -2 14 -3.725290298461914E-9 2.60770320892334E-8 -8.702925214221092E-19 2.1597680934164907E-8
3_55 0 0 0.0 0.0 0.0 0.0
3_56 0 0 0.0 0.0 0.0 0.0
3_57 0 0 0.0 0.0 0.0 0.0
3_58 -1 -5 -1.862645149230957E-9 -9.313225746154785E-9 2.5499745722590253E-18 -1.0845256986510709E-8
3_59 0 0 0.0 0.0 0.0 0.0
3_60 0 0 0.0 0.0 0.0 0.0
3_61 0 0 0.0 0.0 0.0 0.0
3_62 -3 -26 -5.587935447692871E-9 -4.842877388000488E-8 2.8901517283902164E-17 -2.239014813886399E-8
3_63 0 0 0.0 0.0 0.0 0.0
3_64 0 0 0.0 0.0 0.0 0.0
3_65 0 0 0.0 0.0 0.0 0.0
3_66 0 0 0.0 0.0 -9.530412959784032E-18 -1.6439787258231514E-9
3_67 0 0 0.0 0.0 0.0 0.0
3_68 0 0 0.0 0.0 0.0 0.0
3_69 0 0 0.0 0.0 0.0 0.0
3_70 0 13 0.0 2.421438694000244E-8 3.8276425444452466E-18 1.0208453040534236E-8
3_71 0 0 0.0 0.0 0.0 0.0
3_72 0 0 0.0 0.0 0.0 0.0
3_73 0 0 0.0 0.0 0.0 0.0
3_74 1 -4 1.862645149230957E-9 -7.450580596923828E-9 3.3627653440809274E-18 -1.6288418367040258E-8
3_75 0 0 0.0 0.0 0.0 0.0
3_76 0 0 0.0 0.0 0.0 0.0
3_77 0 0 0.0 0.0 0.0 0.0
3_78 0 -8 0.0 -1.4901161193847656E-8 1.3125690794999483E-18 -7.526506411664477E-10
3_79 0 0 0.0 0.0 0.0 0.0
3_80 0 0 0.0 0.0 0.0 0.0
3_81 0 0 0.0 0.0 0.0 0.0
3_82 1 -24 1.862645149230957E-9 -4.470348358154297E-8 -3.3528797503285987E-18 -4.062942669742002E-8
3_83 0 0 0.0 0.0 0.0 0.0
3_84 0 0 0.0 0.0 0.0 0.0
3_85 0 0 0.0 0.0 0.0 0.0
3_86 2 19 3.725290298461914E-9 3.5390257835388184E-8 -5.15943029460265E-19 2.5311203261035142E-8
3_87 0 0 0.0 0.0 0.0 0.0
3_88 0 0 0.0 0.0 0.0 0.0
3_89 0 0 0.0 0.0 0.0 0.0
3_90 1 -16 1.862645149230957E-9 -2.9802322387695312E-8 -8.054596977221441E-19 -3.1805641741669594E-8
3_91 0 0 0.0 0.0 0.0 0.0
3_92 0 0 0.0 0.0 0.0 0.0
3_93 0 0 0.0 0.0 0.0 0.0
3_94 0 11 0.0 2.0489096641540527E-8 2.5822395692817737E-18 1.9535878611224776E-8
3_95 0 0 0.0 0.0 0.0 0.0
3_96 0 0 0.0 0.0 0.0 0.0
3_97 0 0 0.0 0.0 0.0 0.0
3_98 0 -13 0.0 -2.421438694000244E-8 4.898278602943859E-18 -1.6175649911756987E-8
3_99 0 0 0.0 0.0 0.0 0.0
3_100 0 0 0.0 0.0 0.0 0.0
3_101 0 0 0.0 0.0 0.0 0.0
3_102 0 8 0.0 1.4901161193847656E-8 1.2636629563609397E-18 1.5294470210118932E-8
3_103 0 0 0.0 0.0 0.0 0.0
3_104 0 0 0.0 0.0 0.0 0.0
3_105 0 0 0.0 0.0 0.0 0.0
3_106 1 4 1.862645149230957E-9 7.450580596923828E-9 -4.853915688742178E-19 1.081678650882519E-8
3_107 0 0 0.0 0.0 0.0 0.0
3_108 0 0 0.0 0.0 0.0 0.0
3_109 0 0 0.0 0.0 0.0 0.0
3_110 0 21 0.0 3.91155481338501E-8 -8.698857431233449E-18 4.307525185422074E-8
3_111 0 0 0.0 0.0 0.0 0.0
3_112 0 0 0.0 0.0 0.0 0.0
3_113 0 0 0.0 0.0 0.0 0.0
3_114 0 -6 0.0 -1.1175870895385742E-8 -5.286000221479565E-18 -2.2437737860886182E-8
3_115 0 0 0.0 0.0 0.0 0.0
3_116 0 0 0.0 0.0 0.0 0.0
3_117 0 0 0.0 0.0 0.0 0.0
3_118 0 5 0.0 9.313225746154785E-9 -9.505662639673178E-19 1.1090169519249108E-8
3_119 0 0 0.0 0.0 0.0 0.0
3_120 0 0 0.0 0.0 0.0 0.0
3_121 0 0 0.0 0.0 0.0 0.0
3_122 -1 12 -1.862645149230957E-9 2.2351741790771484E-8 -9.134703571699041E-19 1.7792777202680814E-8
3_123 0 0 0.0 0.0 0.0 0.0
3_124 0 0 0.0 0.0 0.0 0.0
3_125 0 0 0.0 0.0 0.0 0.0
3_126 -1 7 -1.862645149230957E-9 1.30385160446167E-8 -5.611509541422663E-18 4.67814722981894E-9
3_127 0 0 0.0 0.0 0.0 0.0
3_128 0 0 0.0 0.0 0.0 0.0
3_129 0 0 0.0 0.0 0.0 0.0
3_130 1 -6 1.862645149230957E-9 -1.1175870895385742E-8 1.1363414911202886E-18 -1.1900101993675101E-8
3_131 0 0 0.0 0.0 0.0 0.0
3_132 0 0 0.0 0.0 0.0 0.0
3_133 0 0 0.0 0.0 0.0 0.0
3_134 1 3 1.862645149230957E-9 5.587935447692871E-9 -1.8487259021260684E-20 2.5557503268883707E-9
3_135 0 0 0.0 0.0 0.0 0.0
3_136 0 0 0.0 0.0 0.0 0.0
3_137 0 0 0.0 0.0 0.0 0.0
3_138 2 24 3.725290298461914E-9 4.470348358154297E-8 2.037919580996343E-18 3.360199720470999E-8
3_139 0 0 0.0 0.0 0.0 0.0
3_140 0 0 0.0 0.0 0.0 0.0
3_141 0 0 0.0 0.0 0.0 0.0
3_142 1 12 1.862645149230957E-9 2.2351741790771484E-8 -6.169746711293126E-18 3.309888291627068E-8
3_143 0 0 0.0 0.0 0.0 0.0
3_144 0 0 0.0 0.0 0.0 0.0
3_145 0 0 0.0 0.0 0.0 0.0
3_146 2 0 3.725290298461914E-9 0.0 -2.5877133852865543E-18 7.586524575482298E-9
3_147 0 0 0.0 0.0 0.0 0.0
3_148 0 0 0.0 0.0 0.0 0.0
3_149 0 0 0.0 0.0 0.0 0.0
3_150 2 19 3.725290298461914E-9 3.5390257835388184E-8 -7.341987699854441E-19 3.204360860030482E-8
3_151 0 0 0.0 0.0 0.0 0.0
3_152 0 0 0.0 0.0 0.0 0.0
3_153 0 0 0.0 0.0 0.0 0.0
3_154 1 -15 1.862645149230957E-9 -2.7939677238464355E-8 -1.890047336373098E-18 -2.0896805781992274E-8
3_155 0 0 0.0 0.0 0.0 0.0
3_156 0 0 0.0 0.0 0.0 0.0
3_157 0 0 0.0 0.0 0.0 0.0
3_158 1 5 1.862645149230957E-9 9.313225746154785E-9 2.012115203271066E-17 -1.1439735096059806E-9
3_159 0 0 0.0 0.0 0.0 0.0
3_160 0 0 0.0 0.0 0.0 0.0
3_161 0 0 0.0 0.0 0.0 0.0
3_162 2 24 3.725290298461914E-9 4.470348358154297E-8 -1.1088949822104305E-18 3.1637019214348136E-8
3_163 0 0 0.0 0.0 0.0 0.0
3_164 0 0 0.0 0.0 0.0 0.0
3_165 0 0 0.0 0.0 0.0 0.0
3_166 2 5 3.725290298461914E-9 9.313225746154785E-9 3.166466430881225E-18 -8.762195708621439E-10
3_167 0 0 0.0 0.0 0.0 0.0
3_168 0 0 0.0 0.0 0.0 0.0
3_169 0 0 0.0 0.0 0.0 0.0
3_170 2 20 3.725290298461914E-9 3.725290298461914E-8 -2.0049837722946116E-18 2.3727930026502665E-8
3_171 0 0 0.0 0.0 0.0 0.0
3_172 0 0 0.0 0.0 0.0 0.0
3_173 0 0 0.0 0.0 0.0 0.0
3_174 2 4 3.725290298461914E-9 7.450580596923828E-9 5.6597543366361375E-18 -9.768467657901017E-9
3_175 0 0 0.0 0.0 0.0 0.0
3_176 0 0 0.0 0.0 0.0 0.0
3_177 0 0 0.0 0.0 0.0 0.0
3_178 2 -21 3.725290298461914E-9 -3.91155481338501E-8 -2.7529204821650592E-18 -4.364095046338428E-8
3_179 0 0 0.0 0.0 0.0 0.0
3_180 0 0 0.0 0.0 0.0 0.0
3_181 0 0 0.0 0.0 0.0 0.0
3_182 2 -10 3.725290298461914E-9 -1.862645149230957E-8 -1.3969385650999207E-18 -2.082883861714049E-8
3_183 0 0 0.0 0.0 0.0 0.0
3_184 0 0 0.0 0.0 0.0 0.0
3_185 0 0 0.0 0.0 0.0 0.0
3_186 1 17 1.862645149230957E-9 3.166496753692627E-8 4.411241294645374E-19 3.016302788734383E-8
3_187 0 0 0.0 0.0 0.0 0.0
3_188 0 0 0.0 0.0 0.0 0.0
3_189 0 0 0.0 0.0 0.0 0.0
3_190 1 10 1.862645149230957E-9 1.862645149230957E-8 2.8789364918202654E-17 6.2514903420875575E-9
3_191 0 0 0.0 0.0 0.0 0.0
3_192 0 0 0.0 0.0 0.0 0.0
3_193 0 0 0.0 0.0 0.0 0.0
3_194 1 -5 1.862645149230957E-9 -9.313225746154785E-9 -1.2003380618029606E-17 -2.6900919508317165E-8
3_195 0 0 0.0 0.0 0.0 0.0
3_196 0 0 0.0 0.0 0.0 0.0
3_197 0 0 0.0 0.0 0.0 0.0
3_198 1 22 1.862645149230957E-9 4.0978193283081055E-8 3.0250324014099174E-18 1.4597681976419642E-8
3_199 0 0 0.0 0.0 0.0 0.0
3_200 0 0 0.0 0.0 0.0 0.0
3_201 0 0 0.0 0.0 0.0 0.0
3_202 2 7 3.725290298461914E-9 1.30385160446167E-8 -4.822724898119747E-18 -7.819342775634891E-10
3_203 0 0 0.0 0.0 0.0 0.0
3_204 0 0 0.0 0.0 0.0 0.0
3_205 0 0 0.0 0.0 0.0 0.0
3_206 1 -17 1.862645149230957E-9 -3.166496753692627E-8 -6.330454049036919E-18 -2.7213955504985006E-8
3_207 0 0 0.0 0.0 0.0 0.0
3_208 0 0 0.0 0.0 0.0 0.0
3_209 0 0 0.0 0.0 0.0 0.0
3_210 2 -21 3.725290298461914E-9 -3.91155481338501E-8 4.657377242186392E-18 -4.310519989668606E-8
3_211 0 0 0.0 0.0 0.0 0.0
3_212 0 0 0.0 0.0 0.0 0.0
3_213 0 0 0.0 0.0 0.0 0.0
3_214 2 -1 3.725290298461914E-9 -1.862645149230957E-9 -2.435320515119122E-18 -2.0277486254350363E-9
3_215 0 0 0.0 0.0 0.0 0.0
3_216 0 0 0.0 0.0 0.0 0.0
3_217 0 0 0.0 0.0 0.0 0.0
3_218 2 1 3.725290298461914E-9 1.862645149230957E-9 -1.9894564358958121E-19 -8.140864596684708E-9
3_219 0 0 0.0 0.0 0.0 0.0
3_220 0 0 0.0 0.0 0.0 0.0
3_221 0 0 0.0 0.0 0.0 0.0
3_222 1 28 1.862645149230957E-9 5.21540641784668E-8 1.2581171723657711E-17 2.0605357060863522E-8
3_223 0 0 0.0 0.0 0.0 0.0
3_224 0 0 0.0 0.0 0.0 0.0
3_225 0 0 0.0 0.0 0.0 0.0
3_226 1 26 1.862645149230957E-9 4.842877388000488E-8 7.108227492722721E-19 3.114603520226525E-8
3_227 0 0 0.0 0.0 0.0 0.0
3_228 0 0 0.0 0.0 0.0 0.0
3_229 0 0 0.0 0.0 0.0 0.0
3_230 1 7 1.862645149230957E-9 1.30385160446167E-8 2.326239732502164E-18 8.991553135755147E-9
3_231 0 0 0.0 0.0 0.0 0.0
3_232 0 0 0.0 0.0 0.0 0.0
3_233 0 0 0.0 0.0 0.0 0.0
3_234 2 11 3.725290298461914E-9 2.0489096641540527E-8 -2.6011582755654147E-18 6.981335922327766E-9
3_235 0 0 0.0 0.0 0.0 0.0
3_236 0 0 0.0 0.0 0.0 0.0
3_237 0 0 0.0 0.0 0.0 0.0
3_238 1 0 1.862645149230957E-9 0.0 1.5237470491138174E-18 1.6987886177648293E-8
3_239 0 0 0.0 0.0 0.0 0.0
3_240 0 0 0.0 0.0 0.0 0.0
3_241 0 0 0.0 0.0 0.0 0.0
3_242 1 23 1.862645149230957E-9 4.284083843231201E-8 3.603043114054106E-18 3.821943922975773E-8
3_243 0 0 0.0 0.0 0.0 0.0
3_244 0 0 0.0 0.0 0.0 0.0
3_245 0 0 0.0 0.0 0.0 0.0
3_246 1 -8 1.862645149230957E-9 -1.4901161193847656E-8 7.223258748114567E-19 -3.1199426372261475E-9
3_247 0 0 0.0 0.0 0.0 0.0
3_248 0 0 0.0 0.0 0.0 0.0
3_249 0 0 0.0 0.0 0.0 0.0
3_250 2 9 3.725290298461914E-9 1.6763806343078613E-8 1.442901476221889E-18 5.386156408754198E-9
3_251 0 0 0.0 0.0 0.0 0.0
3_252 0 0 0.0 0.0 0.0 0.0
3_253 0 0 0.0 0.0 0.0 0.0
3_254 0 -6 0.0 -1.1175870895385742E-8 9.496282330949707E-18 -3.133297477031505E-8
3_255 0 0 0.0 0.0 0.0 0.0
3_256 0 0 0.0 0.0 0.0 0.0
3_257 0 0 0.0 0.0 0.0 0.0
3_258 1 14 1.862645149230957E-9 2.60770320892334E-8 -3.4247501650308818E-18 3.1332974714803896E-8
3_259 0 0 0.0 0.0 0.0 0.0
3_260 0 0 0.0 0.0 0.0 0.0
3_261 0 0 0.0 0.0 0.0 0.0
3_262 1 -7 1.862645149230957E-9 -1.30385160446167E-8 9.149350872395824E-19 -5.386156407845556E-9
3_263 0 0 0.0 0.0 0.0 0.0
3_264 0 0 0.0 0.0 0.0 0.0
3_265 0 0 0.0 0.0 0.0 0.0
3_266 2 8 3.725290298461914E-9 1.4901161193847656E-8 1.2663398967978588E-19 3.1199426371144913E-9
3_267 0 0 0.0 0.0 0.0 0.0
3_268 0 0 0.0 0.0 0.0 0.0
3_269 0 0 0.0 0.0 0.0 0.0
3_270 1 -22 1.862645149230957E-9 -4.0978193283081055E-8 4.213428208406556E-18 -3.821943923990857E-8
3_271 0 0 0.0 0.0 0.0 0.0
3_272 0 0 0.0 0.0 0.0 0.0
3_273 0 0 0.0 0.0 0.0 0.0
3_274 2 0 3.725290298461914E-9 0.0 2.1683505573570467E-18 -1.6987886184447155E-8
3_275 0 0 0.0 0.0 0.0 0.0
3_276 0 0 0.0 0.0 0.0 0.0
3_277 0 0 0.0 0.0 0.0 0.0
3_278 2 3 3.725290298461914E-9 5.587935447692871E-9 -5.339271767480866E-19 -6.981335923404739E-9
3_279 0 0 0.0 0.0 0.0 0.0
3_280 0 0 0.0 0.0 0.0 0.0
3_281 0 0 0.0 0.0 0.0 0.0
3_282 3 -5 5.587935447692871E-9 -9.313225746154785E-9 1.985275015078901E-18 -8.99155313673026E-9
3_283 0 0 0.0 0.0 0.0 0.0
3_284 0 0 0.0 0.0 0.0 0.0
3_285 0 0 0.0 0.0 0.0 0.0
3_286 1 -19 1.862645149230957E-9 -3.5390257835388184E-8 1.7249754595681352E-17 -3.114603519864598E-8
3_287 0 0 0.0 0.0 0.0 0.0
3_288 0 0 0.0 0.0 0.0 0.0
3_289 0 0 0.0 0.0 0.0 0.0
3_290 2 -12 3.725290298461914E-9 -2.2351741790771484E-8 2.3014582057102322E-19 -2.0605357064884222E-8
3_291 0 0 0.0 0.0 0.0 0.0
3_292 0 0 0.0 0.0 0.0 0.0
3_293 0 0 0.0 0.0 0.0 0.0
3_294 2 3 3.725290298461914E-9 5.587935447692871E-9 1.4928606231011333E-19 8.140864598860808E-9
3_295 0 0 0.0 0.0 0.0 0.0
3_296 0 0 0.0 0.0 0.0 0.0
3_297 0 0 0.0 0.0 0.0 0.0
3_298 4 6 7.450580596923828E-9 1.1175870895385742E-8 -2.1428469664591042E-18 2.0277486253775605E-9
3_299 0 0 0.0 0.0 0.0 0.0
3_300 0 0 0.0 0.0 0.0 0.0
3_301 0 0 0.0 0.0 0.0 0.0
3_302 2 24 3.725290298461914E-9 4.470348358154297E-8 1.0881766636789022E-17 4.310519989869588E-8
3_303 0 0 0.0 0.0 0.0 0.0
3_304 0 0 0.0 0.0 0.0 0.0
3_305 0 0 0.0 0.0 0.0 0.0
3_306 2 17 3.725290298461914E-9 3.166496753692627E-8 5.025749513482542E-18 2.7213955506229886E-8
3_307 0 0 0.0 0.0 0.0 0.0
3_308 0 0 0.0 0.0 0.0 0.0
3_309 0 0 0.0 0.0 0.0 0.0
3_310 2 -2 3.725290298461914E-9 -3.725290298461914E-9 -3.2890860921741447E-18 7.819342748540127E-10
3_311 0 0 0.0 0.0 0.0 0.0
3_312 0 0 0.0 0.0 0.0 0.0
3_313 0 0 0.0 0.0 0.0 0.0
3_314 3 -13 5.587935447692871E-9 -2.421438694000244E-8 1.451956415592354E-18 -1.4597681978907075E-8
3_315 0 0 0.0 0.0 0.0 0.0
3_316 0 0 0.0 0.0 0.0 0.0
3_317 0 0 0.0 0.0 0.0 0.0
3_318 1 18 1.862645149230957E-9 3.3527612686157227E-8 8.517762052456033E-18 2.69009195101032E-8
3_319 0 0 0.0 0.0 0.0 0.0
3_320 0 0 0.0 0.0 0.0 0.0
3_321 0 0 0.0 0.0 0.0 0.0
3_322 2 -8 3.725290298461914E-9 -1.4901161193847656E-8 1.1747913702310128E-17 -6.25149035267649E-9
3_323 0 0 0.0 0.0 0.0 0.0
3_324 0 0 0.0 0.0 0.0 0.0
3_325 0 0 0.0 0.0 0.0 0.0
3_326 2 -15 3.725290298461914E-9 -2.7939677238464355E-8 1.112389096515431E-18 -3.016302788630642E-8
3_327 0 0 0.0 0.0 0.0 0.0
3_328 0 0 0.0 0.0 0.0 0.0
3_329 0 0 0.0 0.0 0.0 0.0
3_330 3 16 5.587935447692871E-9 2.9802322387695312E-8 -1.8558939794589727E-18 2.0828838617458556E-8
3_331 0 0 0.0 0.0 0.0 0.0
3_332 0 0 0.0 0.0 0.0 0.0
3_333 0 0 0.0 0.0 0.0 0.0
3_334 2 20 3.725290298461914E-9 3.725290298461914E-8 -3.139932399636186E-18 4.364095046529878E-8
3_335 0 0 0.0 0.0 0.0 0.0
3_336 0 0 0.0 0.0 0.0 0.0
3_337 0 0 0.0 0.0 0.0 0.0
3_338 3 12 5.587935447692871E-9 2.2351741790771484E-8 6.128055981239841E-18 9.768467661377869E-9
3_339 0 0 0.0 0.0 0.0 0.0
3_340 0 0 0.0 0.0 0.0 0.0
3_341 0 0 0.0 0.0 0.0 0.0
3_342 2 -13 3.725290298461914E-9 -2.421438694000244E-8 -2.1043217114641904E-18 -2.372793002621374E-8
3_343 0 0 0.0 0.0 0.0 0.0
3_344 0 0 0.0 0.0 0.0 0.0
3_345 0 0 0.0 0.0 0.0 0.0
3_346 3 4 5.587935447692871E-9 7.450580596923828E-9 1.3472728833634352E-18 8.762195696120887E-10
3_347 0 0 0.0 0.0 0.0 0.0
3_348 0 0 0.0 0.0 0.0 0.0
3_349 0 0 0.0 0.0 0.0 0.0
3_350 2 -9 3.725290298461914E-9 -1.6763806343078613E-8 6.6161777322987255E-18 -3.163701920179551E-8
3_351 0 0 0.0 0.0 0.0 0.0
3_352 0 0 0.0 0.0 0.0 0.0
3_353 0 0 0.0 0.0 0.0 0.0
3_354 2 3 3.725290298461914E-9 5.587935447692871E-9 5.394142774486735E-18 1.143973500852307E-9
3_355 0 0 0.0 0.0 0.0 0.0
3_356 0 0 0.0 0.0 0.0 0.0
3_357 0 0 0.0 0.0 0.0 0.0
3_358 2 8 3.725290298461914E-9 1.4901161193847656E-8 1.2329191345341813E-18 2.0896805781079236E-8
3_359 0 0 0.0 0.0 0.0 0.0
3_360 0 0 0.0 0.0 0.0 0.0
3_361 0 0 0.0 0.0 0.0 0.0
3_362 3 -12 5.587935447692871E-9 -2.2351741790771484E-8 2.0104757117536243E-19 -3.2043608602250523E-8
3_363 0 0 0.0 0.0 0.0 0.0
3_364 0 0 0.0 0.0 0.0 0.0
3_365 0 0 0.0 0.0 0.0 0.0
3_366 2 5 3.725290298461914E-9 9.313225746154785E-9 -9.20904601176932E-19 -7.586524574673507E-9
3_367 0 0 0.0 0.0 0.0 0.0
3_368 0 0 0.0 0.0 0.0 0.0
3_369 0 0 0.0 0.0 0.0 0.0
3_370 2 -10 3.725290298461914E-9 -1.862645149230957E-8 -3.3406335481549042E-18 -3.309888291568178E-8
3_371 0 0 0.0 0.0 0.0 0.0
3_372 0 0 0.0 0.0 0.0 0.0
3_373 0 0 0.0 0.0 0.0 0.0
3_374 2 -11 3.725290298461914E-9 -2.0489096641540527E-8 1.6384453604164922E-18 -3.360199720541081E-8
3_375 0 0 0.0 0.0 0.0 0.0
3_376 0 0 0.0 0.0 0.0 0.0
3_377 0 0 0.0 0.0 0.0 0.0
3_378 1 -4 1.862645149230957E-9 -7.450580596923828E-9 -4.176998553844261E-18 -2.5557503290670735E-9
3_379 0 0 0.0 0.0 0.0 0.0
3_380 0 0 0.0 0.0 0.0 0.0
3_381 0 0 0.0 0.0 0.0 0.0
3_382 1 -1 1.862645149230957E-9 -1.862645149230957E-9 -4.8862248882836444E-18 1.1900101988038949E-8
3_383 0 0 0.0 0.0 0.0 0.0
3_384 0 0 0.0 0.0 0.0 0.0
3_385 0 0 0.0 0.0 0.0 0.0
3_386 1 -14 1.862645149230957E-9 -2.60770320892334E-8 6.877755587019833E-19 -4.678147224182787E-9
3_387 0 0 0.0 0.0 0.0 0.0
3_388 0 0 0.0 0.0 0.0 0.0
3_389 0 0 0.0 0.0 0.0 0.0
3_390 1 -13 1.862645149230957E-9 -2.421438694000244E-8 4.408047571709719E-20 -1.779277720406204E-8
3_391 0 0 0.0 0.0 0.0 0.0
3_392 0 0 0.0 0.0 0.0 0.0
3_393 0 0 0.0 0.0 0.0 0.0
3_394 2 -12 3.725290298461914E-9 -2.2351741790771484E-8 -3.7349846673592E-18 -1.1090169519880932E-8
3_395 0 0 0.0 0.0 0.0 0.0
3_396 0 0 0.0 0.0 0.0 0.0
3_397 0 0 0.0 0.0 0.0 0.0
3_398 1 8 1.862645149230957E-9 1.4901161193847656E-8 -8.196959513037719E-19 2.2437737870215747E-8
3_399 0 0 0.0 0.0 0.0 0.0
3_400 0 0 0.0 0.0 0.0 0.0
3_401 0 0 0.0 0.0 0.0 0.0
3_402 2 -20 3.725290298461914E-9 -3.725290298461914E-8 -2.4642765311977162E-18 -4.307525185771926E-8
3_403 0 0 0.0 0.0 0.0 0.0
3_404 0 0 0.0 0.0 0.0 0.0
3_405 0 0 0.0 0.0 0.0 0.0
3_406 2 -5 3.725290298461914E-9 -9.313225746154785E-9 -2.051272137239327E-18 -1.0816786509100381E-8
3_407 0 0 0.0 0.0 0.0 0.0
3_408 0 0 0.0 0.0 0.0 0.0
3_409 0 0 0.0 0.0 0.0 0.0
3_410 1 -15 1.862645149230957E-9 -2.7939677238464355E-8 -2.534041771241051E-18 -1.5294470209010024E-8
3_411 0 0 0.0 0.0 0.0 0.0
3_412 0 0 0.0 0.0 0.0 0.0
3_413 0 0 0.0 0.0 0.0 0.0
3_414 1 13 1.862645149230957E-9 2.421438694000244E-8 1.0391555055660816E-17 1.6175649921783277E-8
3_415 0 0 0.0 0.0 0.0 0.0
3_416 0 0 0.0 0.0 0.0 0.0
3_417 0 0 0.0 0.0 0.0 0.0
3_418 2 -4 3.725290298461914E-9 -7.450580596923828E-9 -4.979931504113639E-18 -1.953587863757873E-8
3_419 0 0 0.0 0.0 0.0 0.0
3_420 0 0 0.0 0.0 0.0 0.0
3_421 0 0 0.0 0.0 0.0 0.0
3_422 2 25 3.725290298461914E-9 4.6566128730773926E-8 7.090551060515388E-19 3.18056417422487E-8
3_423 0 0 0.0 0.0 0.0 0.0
3_424 0 0 0.0 0.0 0.0 0.0
3_425 0 0 0.0 0.0 0.0 0.0
3_426 2 -16 3.725290298461914E-9 -2.9802322387695312E-8 3.9329075618243335E-19 -2.531120325819131E-8
3_427 0 0 0.0 0.0 0.0 0.0
3_428 0 0 0.0 0.0 0.0 0.0
3_429 0 0 0.0 0.0 0.0 0.0
3_430 2 28 3.725290298461914E-9 5.21540641784668E-8 -1.3199294976373058E-18 4.062942669489151E-8
3_431 0 0 0.0 0.0 0.0 0.0
3_432 0 0 0.0 0.0 0.0 0.0
3_433 0 0 0.0 0.0 0.0 0.0
3_434 2 11 3.725290298461914E-9 2.0489096641540527E-8 8.042130618786773E-18 7.52650640577419E-10
3_435 0 0 0.0 0.0 0.0 0.0
3_436 0 0 0.0 0.0 0.0 0.0
3_437 0 0 0.0 0.0 0.0 0.0
3_438 2 6 3.725290298461914E-9 1.1175870895385742E-8 1.8991875787442325E-18 1.628841836383436E-8
3_439 0 0 0.0 0.0 0.0 0.0
3_440 0 0 0.0 0.0 0.0 0.0
3_441 0 0 0.0 0.0 0.0 0.0
3_442 1 -7 1.862645149230957E-9 -1.30385160446167E-8 1.7571585578690538E-18 -1.0208453043613372E-8
3_443 0 0 0.0 0.0 0.0 0.0
3_444 0 0 0.0 0.0 0.0 0.0
3_445 0 0 0.0 0.0 0.0 0.0
3_446 1 6 1.862645149230957E-9 1.1175870895385742E-8 -3.9373862670867254E-18 1.6439787660522268E-9
3_447 0 0 0.0 0.0 0.0 0.0
3_448 0 0 0.0 0.0 0.0 0.0
3_449 0 0 0.0 0.0 0.0 0.0
3_450 1 5 1.862645149230957E-9 9.313225746154785E-9 -3.913120784620017E-18 2.239014810743781E-8
3_451 0 0 0.0 0.0 0.0 0.0
3_452 0 0 0.0 0.0 0.0 0.0
3_453 0 0 0.0 0.0 0.0 0.0
3_454 1 8 1.862645149230957E-9 1.4901161193847656E-8 -2.4659411904321867E-18 1.0845256988701581E-8
3_455 0 0 0.0 0.0 0.0 0.0
3_456 0 0 0.0 0.0 0.0 0.0
3_457 0 0 0.0 0.0 0.0 0.0
3_458 2 -3 3.725290298461914E-9 -5.587935447692871E-9 -6.797477867560553E-19 -2.159768093282764E-8
3_459 0 0 0.0 0.0 0.0 0.0
3_460 0 0 0.0 0.0 0.0 0.0
3_461 0 0 0.0 0.0 0.0 0.0
3_462 1 -3 1.862645149230957E-9 -5.587935447692871E-9 6.109419230197008E-18 -7.791806674322814E-9
3_463 0 0 0.0 0.0 0.0 0.0
3_464 0 0 0.0 0.0 0.0 0.0
3_465 0 0 0.0 0.0 0.0 0.0
3_466 2 -15 3.725290298461914E-9 -2.7939677238464355E-8 4.687747178376277E-18 -3.3115020259452626E-8
3_467 0 0 0.0 0.0 0.0 0.0
3_468 0 0 0.0 0.0 0.0 0.0
3_469 0 0 0.0 0.0 0.0 0.0
3_470 2 -1 3.725290298461914E-9 -1.862645149230957E-9 4.904264104676748E-19 -5.836971256905999E-9
3_471 0 0 0.0 0.0 0.0 0.0
3_472 0 0 0.0 0.0 0.0 0.0
3_473 0 0 0.0 0.0 0.0 0.0
3_474 2 -9 3.725290298461914E-9 -1.6763806343078613E-8 -3.0593014602122237E-18 -1.3975023566824162E-8
3_475 0 0 0.0 0.0 0.0 0.0
3_476 0 0 0.0 0.0 0.0 0.0
3_477 0 0 0.0 0.0 0.0 0.0
3_478 1 6 1.862645149230957E-9 1.1175870895385742E-8 2.500813229993938E-17 1.0765049662345981E-8
3_479 0 0 0.0 0.0 0.0 0.0
3_480 0 0 0.0 0.0 0.0 0.0
3_481 0 0 0.0 0.0 0.0 0.0
3_482 1 0 1.862645149230957E-9 0.0 8.515344432736677E-19 -5.257799659675768E-9
3_483 0 0 0.0 0.0 0.0 0.0
3_484 0 0 0.0 0.0 0.0 0.0
3_485 0 0 0.0 0.0 0.0 0.0
3_486 1 -27 1.862645149230957E-9 -5.029141902923584E-8 1.6624438345406104E-18 -3.525960616020646E-8
3_487 0 0 0.0 0.0 0.0 0.0
3_488 0 0 0.0 0.0 0.0 0.0
3_489 0 0 0.0 0.0 0.0 0.0
3_490 2 -19 3.725290298461914E-9 -3.5390257835388184E-8 1.7187742755192962E-18 -4.4999250153613116E-8
3_491 0 0 0.0 0.0 0.0 0.0
3_492 0 0 0.0 0.0 0.0 0.0
3_493 0 0 0.0 0.0 0.0 0.0
3_494 1 14 1.862645149230957E-9 2.60770320892334E-8 1.1065860231606067E-17 2.64811665390706E-8
3_495 0 0 0.0 0.0 0.0 0.0
3_496 0 0 0.0 0.0 0.0 0.0
3_497 0 0 0.0 0.0 0.0 0.0
3_498 1 -11 1.862645149230957E-9 -2.0489096641540527E-8 3.4734900865160506E-18 -1.4757251049236632E-8
3_499 0 0 0.0 0.0 0.0 0.0
3_500 0 0 0.0 0.0 0.0 0.0
3_501 0 0 0.0 0.0 0.0 0.0
3_502 1 -50 1.862645149230957E-9 -9.313225746154785E-8 -5.11003032571011E-18 -7.486873089739013E-8
3_503 0 0 0.0 0.0 0.0 0.0
3_504 0 0 0.0 0.0 0.0 0.0
3_505 0 0 0.0 0.0 0.0 0.0
3_506 2 -33 3.725290298461914E-9 -6.146728992462158E-8 1.0056769118919381E-17 -4.936314298825785E-8
3_507 0 0 0.0 0.0 0.0 0.0
3_508 0 0 0.0 0.0 0.0 0.0
3_509 0 0 0.0 0.0 0.0 0.0
3_510 0 268435296 0.0 0.4999997019767761 -2.0040525826224395E-16 0.49999970044100817
3_511 0 0 0.0 0.0 0.0 0.0
# === Iteration 5 ===
4_0 0 0 0.0 0.0 0.0 0.0
4_1 0 0 0.0 0.0 0.0 0.0
4_2 -63 -268435362 -1.1734664440155029E-7 -0.499999824911356 2.953499587852845E-17 -0.4999997004410081
4_3 0 0 0.0 0.0 0.0 0.0
4_4 0 0 0.0 0.0 0.0 0.0
4_5 0 0 0.0 0.0 0.0 0.0
4_6 -31 -3 -5.774199962615967E-8 -5.587935447692871E-9 -2.3472692068643837E-18 4.9363142976893225E-8
4_7 0 0 0.0 0.0 0.0 0.0
4_8 0 0 0.0 0.0 0.0 0.0
4_9 0 0 0.0 0.0 0.0 0.0
4_10 -14 28 -2.60770320892334E-8 5.21540641784668E-8 -1.993256212364988E-18 7.48687309134888E-8
4_11 0 0 0.0 0.0 0.0 0.0
4_12 0 0 0.0 0.0 0.0 0.0
4_13 0 0 0.0 0.0 0.0 0.0
4_14 -15 -6 -2.7939677238464355E-8 -1.1175870895385742E-8 -1.8704405291678846E-18 1.4757251038952143E-8
4_15 0 0 0.0 0.0 0.0 0.0
4_16 0 0 0.0 0.0 0.0 0.0
4_17 0 0 0.0 0.0 0.0 0.0
4_18 -6 -28 -1.1175870895385742E-8 -5.21540641784668E-8 -1.5982862586649256E-18 -2.6481166519527573E-8
4_19 0 0 0.0 0.0 0.0 0.0
4_20 0 0 0.0 0.0 0.0 0.0
4_21 0 0 0.0 0.0 0.0 0.0
4_22 -6 19 -1.1175870895385742E-8 3.5390257835388184E-8 1.3872477723818482E-18 4.499925014684222E-8
4_23 0 0 0.0 0.0 0.0 0.0
4_24 0 0 0.0 0.0 0.0 0.0
4_25 0 0 0.0 0.0 0.0 0.0
4_26 -5 15 -9.313225746154785E-9 2.7939677238464355E-8 3.744701412868992E-18 3.5259606169589575E-8
4_27 0 0 0.0 0.0 0.0 0.0
4_28 0 0 0.0 0.0 0.0 0.0
4_29 0 0 0.0 0.0 0.0 0.0
4_30 -7 -11 -1.30385160446167E-8 -2.0489096641540527E-8 2.2367573500889214E-18 5.257799601565686E-9
4_31 0 0 0.0 0.0 0.0 0.0
4_32 0 0 0.0 0.0 0.0 0.0
4_33 0 0 0.0 0.0 0.0 0.0
4_34 -2 -8 -3.725290298461914E-9 -1.4901161193847656E-8 -5.638523608841622E-18 -1.0765049619061332E-8
4_35 0 0 0.0 0.0 0.0 0.0
4_36 0 0 0.0 0.0 0.0 0.0
4_37 0 0 0.0 0.0 0.0 0.0
4_38 -2 11 -3.725290298461914E-9 2.0489096641540527E-8 -2.1784882761493434E-18 1.3975023566658646E-8
4_39 0 0 0.0 0.0 0.0 0.0
4_40 0 0 0.0 0.0 0.0 0.0
4_41 0 0 0.0 0.0 0.0 0.0
4_42 0 6 0.0 1.1175870895385742E-8 2.711985029660319E-18 5.836971259915853E-9
4_43 0 0 0.0 0.0 0.0 0.0
4_44 0 0 0.0 0.0 0.0 0.0
4_45 0 0 0.0 0.0 0.0 0.0
4_46 -2 16 -3.725290298461914E-9 2.9802322387695312E-8 1.6660556152877466E-18 3.3115020252550254E-8
4_47 0 0 0.0 0.0 0.0 0.0
4_48 0 0 0.0 0.0 0.0 0.0
4_49 0 0 0.0 0.0 0.0 0.0
4_50 -2 -3 -3.725290298461914E-9 -5.587935447692871E-9 -1.8102977161435185E-18 7.791806676159137E-9
4_51 0 0 0.0 0.0 0.0 0.0
4_52 0 0 0.0 0.0 0.0 0.0
4_53 0 0 0.0 0.0 0.0 0.0
4_54 -2 14 -3.725290298461914E-9 2.60770320892334E-8 -8.702925214221092E-19 2.1597680934164907E-8
4_55 0 0 0.0 0.0 0.0 0.0
4_56 0 0 0.0 0.0 0.0 0.0
4_57 0 0 0.0 0.0 0.0 0.0
4_58 -1 -5 -1.862645149230957E-9 -9.313225746154785E-9 2.5499745722590253E-18 -1.0845256986510709E-8
4_59 0 0 0.0 0.0 0.0 0.0
4_60 0 0 0.0 0.0 0.0 0.0
4_61 0 0 0.0 0.0 0.0 0.0
4_62 -3 -26 -5.587935447692871E-9 -4.842877388000488E-8 2.8901517283902164E-17 -2.239014813886399E-8
4_63 0 0 0.0 0.0 0.0 0.0
4_64 0 0 0.0 0.0 0.0 0.0
4_65 0 0 0.0 0.0 0.0 0.0
4_66 0 0 0.0 0.0 -9.530412959784032E-18 -1.6439787258231514E-9
4_67 0 0 0.0 0.0 0.0 0.0
4_68 0 0 0.0 0.0 0.0 0.0
4_69 0 0 0.0 0.0 0.0 0.0
4_70 0 13 0.0 2.421438694000244E-8 3.8276425444452466E-18 1.0208453040534236E-8
4_71 0 0 0.0 0.0 0.0 0.0
4_72 0 0 0.0 0.0 0.0 0.0
4_73 0 0 0.0 0.0 0.0 0.0
4_74 1 -4 1.862645149230957E-9 -7.450580596923828E-9 3.3627653440809274E-18 -1.6288418367040258E-8
4_75 0 0 0.0 0.0 0.0 0.0
4_76 0 0 0.0 0.0 0.0 0.0
4_77 0 0 0.0 0.0 0.0 0.0
4_78 0 -8 0.0 -1.4901161193847656E-8 1.3125690794999483E-18 -7.526506411664477E-10
4_79 0 0 0.0 0.0 0.0 0.0
4_80 0 0 0.0 0.0 0.0 0.0
4_81 0 0 0.0 0.0 0.0 0.0
4_82 1 -24 1.862645149230957E-9 -4.470348358154297E-8 -3.3528797503285987E-18 -4.062942669742002E-8
4_83 0 0 0.0 0.0 0.0 0.0
4_84 0 0 0.0 0.0 0.0 0.0
4_85 0 0 0.0 0.0 0.0 0.0
4_86 2 19 3.725290298461914E-9 3.5390257835388184E-8 -5.15943029460265E-19 2.5311203261035142E-8
4_87 0 0 0.0 0.0 0.0 0.0
4_88 0 0 0.0 0.0 0.0 0.0
4_89 0 0 0.0 0.0 0.0 0.0
4_90 1 -16 1.862645149230957E-9 -2.9802322387695312E-8 -8.054596977221441E-19 -3.1805641741669594E-8
4_91 0 0 0.0 0.0 0.0 0.0
4_92 0 0 0.0 0.0 0.0 0.0
4_93 0 0 0.0 0.0 0.0 0.0
4_94 0 11 0.0 2.0489096641540527E-8 2.5822395692817737E-18 1.9535878611224776E-8
4_95 0 0 0.0 0.0 0.0 0.0
4_96 0 0 0.0 0.0 0.0 0.0
4_97 0 0 0.0 0.0 0.0 0.0
4_98 0 -13 0.0 -2.421438694000244E-8 4.898278602943859E-18 -1.6175649911756987E-8
4_99 0 0 0.0 0.0 0.0 0.0
4_100 0 0 0.0 0.0 0.0 0.0
4_101 0 0 0.0 0.0 0.0 0.0
4_102 0 8 0.0 1.4901161193847656E-8 1.2636629563609397E-18 1.5294470210118932E-8
4_103 0 0 0.0 0.0 0.0 0.0
4_104 0 0 0.0 0.0 0.0 0.0
4_105 0 0 0.0 0.0 0.0 0.0
4_106 1 4 1.862645149230957E-9 7.450580596923828E-9 -4.853915688742178E-19 1.081678650882519E-8
4_107 0 0 0.0 0.0 0.0 0.0
4_108 0 0 0.0 0.0 0.0 0.0
4_109 0 0 0.0 0.0 0.0 0.0
4_110 0 21 0.0 3.91155481338501E-8 -8.698857431233449E-18 4.307525185422074E-8
4_111 0 0 0.0 0.0 0.0 0.0
4_112 0 0 0.0 0.0 0.0 0.0
4_113 0 0 0.0 0.0 0.0 0.0
4_114 0 -6 0.0 -1.1175870895385742E-8 -5.286000221479565E-18 -2.2437737860886182E-8
4_115 0 0 0.0 0.0 0.0 0.0
4_116 0 0 0.0 0.0 0.0 0.0
4_117 0 0 0.0 0.0 0.0 0.0
4_118 0 5 0.0 9.313225746154785E-9 -9.505662639673178E-19 1.1090169519249108E-8
4_119 0 0 0.0 0.0 0.0 0.0
4_120 0 0 0.0 0.0 0.0 0.0
4_121 0 0 0.0 0.0 0.0 0.0
4_122 -1 12 -1.862645149230957E-9 2.2351741790771484E-8 -9.134703571699041E-19 1.7792777202680814E-8
4_123 0 0 0.0 0.0 0.0 0.0
4_124 0 0 0.0 0.0 0.0 0.0
4_125 0 0 0.0 0.0 0.0 0.0
4_126 -1 7 -1.862645149230957E-9 1.30385160446167E-8 -5.611509541422663E-18 4.67814722981894E-9
4_127 0 0 0.0 0.0 0.0 0.0
4_128 0 0 0.0 0.0 0.0 0.0
4_129 0 0 0.0 0.0 0.0 0.0
4_130 1 -6 1.862645149230957E-9 -1.1175870895385742E-8 1.1363414911202886E-18 -1.1900101993675101E-8
4_131 0 0 0.0 0.0 0.0 0.0
4_132 0 0 0.0 0.0 0.0 0.0
4_133 0 0 0.0 0.0 0.0 0.0
4_134 1 3 1.862645149230957E-9 5.587935447692871E-9 -1.8487259021260684E-20 2.5557503268883707E-9
4_135 0 0 0.0 0.0 0.0 0.0
4_136 0 0 0.0 0.0 0.0 0.0
4_137 0 0 0.0 0.0 0.0 0.0
4_138 2 24 3.725290298461914E-9 4.470348358154297E-8 2.037919580996343E-18 3.360199720470999E-8
4_139 0 0 0.0 0.0 0.0 0.0
4_140 0 0 0.0 0.0 0.0 0.0
4_141 0 0 0.0 0.0 0.0 0.0
4_142 1 12 1.862645149230957E-9 2.2351741790771484E-8 -6.169746711293126E-18 3.309888291627068E-8
4_143 0 0 0.0 0.0 0.0 0.0
4_144 0 0 0.0 0.0 0.0 0.0
4_145 0 0 0.0 0.0 0.0 0.0
4_146 2 0 3.725290298461914E-9 0.0 -2.5877133852865543E-18 7.586524575482298E-9
4_147 0 0 0.0 0.0 0.0 0.0
4_148 0 0 0.0 0.0 0.0 0.0
4_149 0 0 0.0 0.0 0.0 0.0
4_150 2 19 3.725290298461914E-9 3.5390257835388184E-8 -7.341987699854441E-19 3.204360860030482E-8
4_151 0 0 0.0 0.0 0.0 0.0
4_152 0 0 0.0 0.0 0.0 0.0
4_153 0 0 0.0 0.0 0.0 0.0
4_154 1 -15 1.862645149230957E-9 -2.7939677238464355E-8 -1.890047336373098E-18 -2.0896805781992274E-8
4_155 0 0 0.0 0.0 0.0 0.0
4_156 0 0 0.0 0.0 0.0 0.0
4_157 0 0 0.0 0.0 0.0 0.0
4_158 1 5 1.862645149230957E-9 9.313225746154785E-9 2.012115203271066E-17 -1.1439735096059806E-9
4_159 0 0 0.0 0.0 0.0 0.0
4_160 0 0 0.0 0.0 0.0 0.0
4_161 0 0 0.0 0.0 0.0 0.0
4_162 2 24 3.725290298461914E-9 4.470348358154297E-8 -1.1088949822104305E-18 3.1637019214348136E-8
4_163 0 0 0.0 0.0 0.0 0.0
4_164 0 0 0.0 0.0 0.0 0.0
4_165 0 0 0.0 0.0 0.0 0.0
4_166 2 5 3.725290298461914E-9 9.313225746154785E-9 3.166466430881225E-18 -8.762195708621439E-10
4_167 0 0 0.0 0.0 0.0 0.0
4_168 0 0 0.0 0.0 0.0 0.0
4_169 0 0 0.0 0.0 0.0 0.0
4_170 2 20 3.725290298461914E-9 3.725290298461914E-8 -2.0049837722946116E-18 2.3727930026502665E-8
4_171 0 0 0.0 0.0 0.0 0.0
4_172 0 0 0.0 0.0 0.0 0.0
4_173 0 0 0.0 0.0 0.0 0.0
4_174 2 4 3.725290298461914E-9 7.450580596923828E-9 5.6597543366361375E-18 -9.768467657901017E-9
4_175 0 0 0.0 0.0 0.0 0.0
4_176 0 0 0.0 0.0 0.0 0.0
4_177 0 0 0.0 0.0 0.0 0.0
4_178 2 -21 3.725290298461914E-9 -3.91155481338501E-8 -2.7529204821650592E-18 -4.364095046338428E-8
4_179 0 0 0.0 0.0 0.0 0.0
4_180 0 0 0.0 0.0 0.0 0.0
4_181 0 0 0.0 0.0 0.0 0.0
4_182 2 -10 3.725290298461914E-9 -1.862645149230957E-8 -1.3969385650999207E-18 -2.082883861714049E-8
4_183 0 0 0.0 0.0 0.0 0.0
4_184 0 0 0.0 0.0 0.0 0.0
4_185 0 0 0.0 0.0 0.0 0.0
4_186 1 17 1.862645149230957E-9 3.166496753692627E-8 4.411241294645374E-19 3.016302788734383E-8
4_187 0 0 0.0 0.0 0.0 0.0
4_188 0 0 0.0 0.0 0.0 0.0
4_189 0 0 0.0 0.0 0.0 0.0
4_190 1 10 1.862645149230957E-9 1.862645149230957E-8 2.8789364918202654E-17 6.2514903420875575E-9
4_191 0 0 0.0 0.0 0.0 0.0
4_192 0 0 0.0 0.0 0.0 0.0
4_193 0 0 0.0 0.0 0.0 0.0
4_194 1 -5 1.862645149230957E-9 -9.313225746154785E-9 -1.2003380618029606E-17 -2.6900919508317165E-8
4_195 0 0 0.0 0.0 0.0 0.0
4_196 0 0 0.0 0.0 0.0 0.0
4_197 0 0 0.0 0.0 0.0 0.0
4_198 1 22 1.862645149230957E-9 4.0978193283081055E-8 3.0250324014099174E-18 1.4597681976419642E-8
4_199 0 0 0.0 0.0 0.0 0.0
4_200 0 0 0.0 0.0 0.0 0.0
4_201 0 0 0.0 0.0 0.0 0.0
4_202 2 7 3.725290298461914E-9 1.30385160446167E-8 -4.822724898119747E-18 -7.819342775634891E-10
4_203 0 0 0.0 0.0 0.0 0.0
4_204 0 0 0.0 0.0 0.0 0.0
4_205 0 0 0.0 0.0 0.0 0.0
4_206 1 -17 1.862645149230957E-9 -3.166496753692627E-8 -6.330454049036919E-18 -2.7213955504985006E-8
4_207 0 0 0.0 0.0 0.0 0.0
4_208 0 0 0.0 0.0 0.0 0.0
4_209 0 0 0.0 0.0 0.0 0.0
4_210 2 -21 3.725290298461914E-9 -3.91155481338501E-8 4.657377242186392E-18 -4.310519989668606E-8
4_211 0 0 0.0 0.0 0.0 0.0
4_212 0 0 0.0 0.0 0.0 0.0
4_213 0 0 0.0 0.0 0.0 0.0
4_214 2 -1 3.725290298461914E-9 -1.862645149230957E-9 -2.435320515119122E-18 -2.0277486254350363E-9
4_215 0 0 0.0 0.0 0.0 0.0
4_216 0 0 0.0 0.0 0.0 0.0
4_217 0 0 0.0 0.0 0.0 0.0
4_218 2 1 3.725290298461914E-9 1.862645149230957E-9 -1.9894564358958121E-19 -8.140864596684708E-9
4_219 0 0 0.0 0.0 0.0 0.0
4_220 0 0 0.0 0.0 0.0 0.0
4_221 0 0 0.0 0.0 0.0 0.0
4_222 1 28 1.862645149230957E-9 5.21540641784668E-8 1.2581171723657711E-17 2.0605357060863522E-8
4_223 0 0 0.0 0.0 0.0 0.0
4_224 0 0 0.0 0.0 0.0 0.0
4_225 0 0 0.0 0.0 0.0 0.0
4_226 1 26 1.862645149230957E-9 4.842877388000488E-8 7.108227492722721E-19 3.114603520226525E-8
4_227 0 0 0.0 0.0 0.0 0.0
4_228 0 0 0.0 0.0 0.0 0.0
4_229 0 0 0.0 0.0 0.0 0.0
4_230 1 7 1.862645149230957E-9 1.30385160446167E-8 2.326239732502164E-18 8.991553135755147E-9
4_231 0 0 0.0 0.0 0.0 0.0
4_232 0 0 0.0 0.0 0.0 0.0
4_233 0 0 0.0 0.0 0.0 0.0
4_234 2 11 3.725290298461914E-9 2.0489096641540527E-8 -2.6011582755654147E-18 6.981335922327766E-9
4_235 0 0 0.0 0.0 0.0 0.0
4_236 0 0 0.0 0.0 0.0 0.0
4_237 0 0 0.0 0.0 0.0 0.0
4_238 1 0 1.862645149230957E-9 0.0 1.5237470491138174E-18 1.6987886177648293E-8
4_239 0 0 0.0 0.0 0.0 0.0
4_240 0 0 0.0 0.0 0.0 0.0
4_241 0 0 0.0 0.0 0.0 0.0
4_242 1 23 1.862645149230957E-9 4.284083843231201E-8 3.603043114054106E-18 3.821943922975773E-8
4_243 0 0 0.0 0.0 0.0 0.0
4_244 0 0 0.0 0.0 0.0 0.0
4_245 0 0 0.0 0.0 0.0 0.0
4_246 1 -8 1.862645149230957E-9 -1.4901161193847656E-8 7.223258748114567E-19 -3.1199426372261475E-9
4_247 0 0 0.0 0.0 0.0 0.0
4_248 0 0 0.0 0.0 0.0 0.0
4_249 0 0 0.0 0.0 0.0 0.0
4_250 2 9 3.725290298461914E-9 1.6763806343078613E-8 1.442901476221889E-18 5.386156408754198E-9
4_251 0 0 0.0 0.0 0.0 0.0
4_252 0 0 0.0 0.0 0.0 0.0
4_253 0 0 0.0 0.0 0.0 0.0
4_254 0 -6 0.0 -1.1175870895385742E-8 9.496282330949707E-18 -3.133297477031505E-8
4_255 0 0 0.0 0.0 0.0 0.0
4_256 0 0 0.0 0.0 0.0 0.0
4_257 0 0 0.0 0.0 0.0 0.0
4_258 1 14 1.862645149230957E-9 2.60770320892334E-8 -3.4247501650308818E-18 3.1332974714803896E-8
4_259 0 0 0.0 0.0 0.0 0.0
4_260 0 0 0.0 0.0 0.0 0.0
4_261 0 0 0.0 0.0 0.0 0.0
4_262 1 -7 1.862645149230957E-9 -1.30385160446167E-8 9.149350872395824E-19 -5.386156407845556E-9
4_263 0 0 0.0 0.0 0.0 0.0
4_264 0 0 0.0 0.0 0.0 0.0
4_265 0 0 0.0 0.0 0.0 0.0
4_266 2 8 3.725290298461914E-9 1.4901161193847656E-8 1.2663398967978588E-19 3.1199426371144913E-9
4_267 0 0 0.0 0.0 0.0 0.0
4_268 0 0 0.0 0.0 0.0 0.0
4_269 0 0 0.0 0.0 0.0 0.0
4_270 1 -22 1.862645149230957E-9 -4.0978193283081055E-8 4.213428208406556E-18 -3.821943923990857E-8
4_271 0 0 0.0 0.0 0.0 0.0
4_272 0 0 0.0 0.0 0.0 0.0
4_273 0 0 0.0 0.0 0.0 0.0
4_274 2 0 3.725290298461914E-9 0.0 2.1683505573570467E-18 -1.6987886184447155E-8
4_275 0 0 0.0 0.0 0.0 0.0
4_276 0 0 0.0 0.0 0.0 0.0
4_277 0 0 0.0 0.0 0.0 0.0
4_278 2 3 3.725290298461914E-9 5.587935447692871E-9 -5.339271767480866E-19 -6.981335923404739E-9
4_279 0 0 0.0 0.0 0.0 0.0
4_280 0 0 0.0 0.0 0.0 0.0
4_281 0 0 0.0 0.0 0.0 0.0
4_282 3 -5 5.587935447692871E-9 -9.313225746154785E-9 1.985275015078901E-18 -8.99155313673026E-9
4_283 0 0 0.0 0.0 0.0 0.0
4_284 0 0 0.0 0.0 0.0 0.0
4_285 0 0 0.0 0.0 0.0 0.0
4_286 1 -19 1.862645149230957E-9 -3.5390257835388184E-8 1.7249754595681352E-17 -3.114603519864598E-8
4_287 0 0 0.0 0.0 0.0 0.0
4_288 0 0 0.0 0.0 0.0 0.0
4_289 0 0 0.0 0.0 0.0 0.0
4_290 2 -12 3.725290298461914E-9 -2.2351741790771484E-8 2.3014582057102322E-19 -2.0605357064884222E-8
4_291 0 0 0.0 0.0 0.0 0.0
4_292 0 0 0.0 0.0 0.0 0.0
4_293 0 0 0.0 0.0 0.0 0.0
4_294 2 3 3.725290298461914E-9 5.587935447692871E-9 1.4928606231011333E-19 8.140864598860808E-9
4_295 0 0 0.0 0.0 0.0 0.0
4_296 0 0 0.0 0.0 0.0 0.0
4_297 0 0 0.0 0.0 0.0 0.0
4_298 4 6 7.450580596923828E-9 1.1175870895385742E-8 -2.1428469664591042E-18 2.0277486253775605E-9
4_299 0 0 0.0 0.0 0.0 0.0
4_300 0 0 0.0 0.0 0.0 0.0
4_301 0 0 0.0 0.0 0.0 0.0
4_302 2 24 3.725290298461914E-9 4.470348358154297E-8 1.0881766636789022E-17 4.310519989869588E-8
4_303 0 0 0.0 0.0 0.0 0.0
4_304 0 0 0.0 0.0 0.0 0.0
4_305 0 0 0.0 0.0 0.0 0.0
4_306 2 17 3.725290298461914E-9 3.166496753692627E-8 5.025749513482542E-18 2.7213955506229886E-8
4_307 0 0 0.0 0.0 0.0 0.0
4_308 0 0 0.0 0.0 0.0 0.0
4_309 0 0 0.0 0.0 0.0 0.0
4_310 2 -2 3.725290298461914E-9 -3.725290298461914E-9 -3.2890860921741447E-18 7.819342748540127E-10
4_311 0 0 0.0 0.0 0.0 0.0
4_312 0 0 0.0 0.0 0.0 0.0
4_313 0 0 0.0 0.0 0.0 0.0
4_314 3 -13 5.587935447692871E-9 -2.421438694000244E-8 1.451956415592354E-18 -1.4597681978907075E-8
4_315 0 0 0.0 0.0 0.0 0.0
4_316 0 0 0.0 0.0 0.0 0.0
4_317 0 0 0.0 0.0 0.0 0.0
4_318 1 18 1.862645149230957E-9 3.3527612686157227E-8 8.517762052456033E-18 2.69009195101032E-8
4_319 0 0 0.0 0.0 0.0 0.0
4_320 0 0 0.0 0.0 0.0 0.0
4_321 0 0 0.0 0.0 0.0 0.0
4_322 2 -8 3.725290298461914E-9 -1.4901161193847656E-8 1.1747913702310128E-17 -6.25149035267649E-9
4_323 0 0 0.0 0.0 0.0 0.0
4_324 0 0 0.0 0.0 0.0 0.0
4_325 0 0 0.0 0.0 0.0 0.0
4_326 2 -15 3.725290298461914E-9 -2.7939677238464355E-8 1.112389096515431E-18 -3.016302788630642E-8
4_327 0 0 0.0 0.0 0.0 0.0
4_328 0 0 0.0 0.0 0.0 0.0
4_329 0 0 0.0 0.0 0.0 0.0
4_330 3 16 5.587935447692871E-9 2.9802322387695312E-8 -1.8558939794589727E-18 2.0828838617458556E-8
4_331 0 0 0.0 0.0 0.0 0.0
4_332 0 0 0.0 0.0 0.0 0.0
4_333 0 0 0.0 0.0 0.0 0.0
4_334 2 20 3.725290298461914E-9 3.725290298461914E-8 -3.139932399636186E-18 4.364095046529878E-8
4_335 0 0 0.0 0.0 0.0 0.0
4_336 0 0 0.0 0.0 0.0 0.0
4_337 0 0 0.0 0.0 0.0 0.0
4_338 3 12 5.587935447692871E-9 2.2351741790771484E-8 6.128055981239841E-18 9.768467661377869E-9
4_339 0 0 0.0 0.0 0.0 0.0
4_340 0 0 0.0 0.0 0.0 0.0
4_341 0 0 0.0 0.0 0.0 0.0
4_342 2 -13 3.725290298461914E-9 -2.421438694000244E-8 -2.1043217114641904E-18 -2.372793002621374E-8
4_343 0 0 0.0 0.0 0.0 0.0
4_344 0 0 0.0 0.0 0.0 0.0
4_345 0 0 0.0 0.0 0.0 0.0
4_346 3 4 5.587935447692871E-9 7.450580596923828E-9 1.3472728833634352E-18 8.762195696120887E-10
4_347 0 0 0.0 0.0 0.0 0.0
4_348 0 0 0.0 0.0 0.0 0.0
4_349 0 0 0.0 0.0 0.0 0.0
4_350 2 -9 3.725290298461914E-9 -1.6763806343078613E-8 6.6161777322987255E-18 -3.163701920179551E-8
4_351 0 0 0.0 0.0 0.0 0.0
4_352 0 0 0.0 0.0 0.0 0.0
4_353 0 0 0.0 0.0 0.0 0.0
4_354 2 3 3.725290298461914E-9 5.587935447692871E-9 5.394142774486735E-18 1.143973500852307E-9
4_355 0 0 0.0 0.0 0.0 0.0
4_356 0 0 0.0 0.0 0.0 0.0
4_357 0 0 0.0 0.0 0.0 0.0
4_358 2 8 3.725290298461914E-9 1.4901161193847656E-8 1.2329191345341813E-18 2.0896805781079236E-8
4_359 0 0 0.0 0.0 0.0 0.0
4_360 0 0 0.0 0.0 0.0 0.0
4_361 0 0 0.0 0.0 0.0 0.0
4_362 3 -12 5.587935447692871E-9 -2.2351741790771484E-8 2.0104757117536243E-19 -3.2043608602250523E-8
4_363 0 0 0.0 0.0 0.0 0.0
4_364 0 0 0.0 0.0 0.0 0.0
4_365 0 0 0.0 0.0 0.0 0.0
4_366 2 5 3.725290298461914E-9 9.313225746154785E-9 -9.20904601176932E-19 -7.586524574673507E-9
4_367 0 0 0.0 0.0 0.0 0.0
4_368 0 0 0.0 0.0 0.0 0.0
4_369 0 0 0.0 0.0 0.0 0.0
4_370 2 -10 3.725290298461914E-9 -1.862645149230957E-8 -3.3406335481549042E-18 -3.309888291568178E-8
4_371 0 0 0.0 0.0 0.0 0.0
4_372 0 0 0.0 0.0 0.0 0.0
4_373 0 0 0.0 0.0 0.0 0.0
4_374 2 -11 3.725290298461914E-9 -2.0489096641540527E-8 1.6384453604164922E-18 -3.360199720541081E-8
4_375 0 0 0.0 0.0 0.0 0.0
4_376 0 0 0.0 0.0 0.0 0.0
4_377 0 0 0.0 0.0 0.0 0.0
4_378 1 -4 1.862645149230957E-9 -7.450580596923828E-9 -4.176998553844261E-18 -2.5557503290670735E-9
4_379 0 0 0.0 0.0 0.0 0.0
4_380 0 0 0.0 0.0 0.0 0.0
4_381 0 0 0.0 0.0 0.0 0.0
4_382 1 -1 1.862645149230957E-9 -1.862645149230957E-9 -4.8862248882836444E-18 1.1900101988038949E-8
4_383 0 0 0.0 0.0 0.0 0.0
4_384 0 0 0.0 0.0 0.0 0.0
4_385 0 0 0.0 0.0 0.0 0.0
4_386 1 -14 1.862645149230957E-9 -2.60770320892334E-8 6.877755587019833E-19 -4.678147224182787E-9
4_387 0 0 0.0 0.0 0.0 0.0
4_388 0 0 0.0 0.0 0.0 0.0
4_389 0 0 0.0 0.0 0.0 0.0
4_390 1 -13 1.862645149230957E-9 -2.421438694000244E-8 4.408047571709719E-20 -1.779277720406204E-8
4_391 0 0 0.0 0.0 0.0 0.0
4_392 0 0 0.0 0.0 0.0 0.0
4_393 0 0 0.0 0.0 0.0 0.0
4_394 2 -12 3.725290298461914E-9 -2.2351741790771484E-8 -3.7349846673592E-18 -1.1090169519880932E-8
4_395 0 0 0.0 0.0 0.0 0.0
4_396 0 0 0.0 0.0 0.0 0.0
4_397 0 0 0.0 0.0 0.0 0.0
4_398 1 8 1.862645149230957E-9 1.4901161193847656E-8 -8.196959513037719E-19 2.2437737870215747E-8
4_399 0 0 0.0 0.0 0.0 0.0
4_400 0 0 0.0 0.0 0.0 0.0
4_401 0 0 0.0 0.0 0.0 0.0
4_402 2 -20 3.725290298461914E-9 -3.725290298461914E-8 -2.4642765311977162E-18 -4.307525185771926E-8
4_403 0 0 0.0 0.0 0.0 0.0
4_404 0 0 0.0 0.0 0.0 0.0
4_405 0 0 0.0 0.0 0.0 0.0
4_406 2 -5 3.725290298461914E-9 -9.313225746154785E-9 -2.051272137239327E-18 -1.0816786509100381E-8
4_407 0 0 0.0 0.0 0.0 0.0
4_408 0 0 0.0 0.0 0.0 0.0
4_409 0 0 0.0 0.0 0.0 0.0
4_410 1 -15 1.862645149230957E-9 -2.7939677238464355E-8 -2.534041771241051E-18 -1.5294470209010024E-8
4_411 0 0 0.0 0.0 0.0 0.0
4_412 0 0 0.0 0.0 0.0 0.0
4_413 0 0 0.0 0.0 0.0 0.0
4_414 1 13 1.862645149230957E-9 2.421438694000244E-8 1.0391555055660816E-17 1.6175649921783277E-8
4_415 0 0 0.0 0.0 0.0 0.0
4_416 0 0 0.0 0.0 0.0 0.0
4_417 0 0 0.0 0.0 0.0 0.0
4_418 2 -4 3.725290298461914E-9 -7.450580596923828E-9 -4.979931504113639E-18 -1.953587863757873E-8
4_419 0 0 0.0 0.0 0.0 0.0
4_420 0 0 0.0 0.0 0.0 0.0
4_421 0 0 0.0 0.0 0.0 0.0
4_422 2 25 3.725290298461914E-9 4.6566128730773926E-8 7.090551060515388E-19 3.18056417422487E-8
4_423 0 0 0.0 0.0 0.0 0.0
4_424 0 0 0.0 0.0 0.0 0.0
4_425 0 0 0.0 0.0 0.0 0.0
4_426 2 -16 3.725290298461914E-9 -2.9802322387695312E-8 3.9329075618243335E-19 -2.531120325819131E-8
4_427 0 0 0.0 0.0 0.0 0.0
4_428 0 0 0.0 0.0 0.0 0.0
4_429 0 0 0.0 0.0 0.0 0.0
4_430 2 28 3.725290298461914E-9 5.21540641784668E-8 -1.3199294976373058E-18 4.062942669489151E-8
4_431 0 0 0.0 0.0 0.0 0.0
4_432 0 0 0.0 0.0 0.0 0.0
4_433 0 0 0.0 0.0 0.0 0.0
4_434 2 11 3.725290298461914E-9 2.0489096641540527E-8 8.042130618786773E-18 7.52650640577419E-10
4_435 0 0 0.0 0.0 0.0 0.0
4_436 0 0 0.0 0.0 0.0 0.0
4_437 0 0 0.0 0.0 0.0 0.0
4_438 2 6 3.725290298461914E-9 1.1175870895385742E-8 1.8991875787442325E-18 1.628841836383436E-8
4_439 0 0 0.0 0.0 0.0 0.0
4_440 0 0 0.0 0.0 0.0 0.0
4_441 0 0 0.0 0.0 0.0 0.0
4_442 1 -7 1.862645149230957E-9 -1.30385160446167E-8 1.7571585578690538E-18 -1.0208453043613372E-8
4_443 0 0 0.0 0.0 0.0 0.0
4_444 0 0 0.0 0.0 0.0 0.0
4_445 0 0 0.0 0.0 0.0 0.0
4_446 1 6 1.862645149230957E-9 1.1175870895385742E-8 -3.9373862670867254E-18 1.6439787660522268E-9
4_447 0 0 0.0 0.0 0.0 0.0
4_448 0 0 0.0 0.0 0.0 0.0
4_449 0 0 0.0 0.0 0.0 0.0
4_450 1 5 1.862645149230957E-9 9.313225746154785E-9 -3.913120784620017E-18 2.239014810743781E-8
4_451 0 0 0.0 0.0 0.0 0.0
4_452 0 0 0.0 0.0 0.0 0.0
4_453 0 0 0.0 0.0 0.0 0.0
4_454 1 8 1.862645149230957E-9 1.4901161193847656E-8 -2.4659411904321867E-18 1.0845256988701581E-8
4_455 0 0 0.0 0.0 0.0 0.0
4_456 0 0 0.0 0.0 0.0 0.0
4_457 0 0 0.0 0.0 0.0 0.0
4_458 2 -3 3.725290298461914E-9 -5.587935447692871E-9 -6.797477867560553E-19 -2.159768093282764E-8
4_459 0 0 0.0 0.0 0.0 0.0
4_460 0 0 0.0 0.0 0.0 0.0
4_461 0 0 0.0 0.0 0.0 0.0
4_462 1 -3 1.862645149230957E-9 -5.587935447692871E-9 6.109419230197008E-18 -7.791806674322814E-9
4_463 0 0 0.0 0.0 0.0 0.0
4_464 0 0 0.0 0.0 0.0 0.0
4_465 0 0 0.0 0.0 0.0 0.0
4_466 2 -15 3.725290298461914E-9 -2.7939677238464355E-8 4.687747178376277E-18 -3.3115020259452626E-8
4_467 0 0 0.0 0.0 0.0 0.0
4_468 0 0 0.0 0.0 0.0 0.0
4_469 0 0 0.0 0.0 0.0 0.0
4_470 2 -1 3.725290298461914E-9 -1.862645149230957E-9 4.904264104676748E-19 -5.836971256905999E-9
4_471 0 0 0.0 0.0 0.0 0.0
4_472 0 0 0.0 0.0 0.0 0.0
4_473 0 0 0.0 0.0 0.0 0.0
4_474 2 -9 3.725290298461914E-9 -1.6763806343078613E-8 -3.0593014602122237E-18 -1.3975023566824162E-8
4_475 0 0 0.0 0.0 0.0 0.0
4_476 0 0 0.0 0.0 0.0 0.0
4_477 0 0 0.0 0.0 0.0 0.0
4_478 1 6 1.862645149230957E-9 1.1175870895385742E-8 2.500813229993938E-17 1.0765049662345981E-8
4_479 0 0 0.0 0.0 0.0 0.0
4_480 0 0 0.0 0.0 0.0 0.0
4_481 0 0 0.0 0.0 0.0 0.0
4_482 1 0 1.862645149230957E-9 0.0 8.515344432736677E-19 -5.257799659675768E-9
4_483 0 0 0.0 0.0 0.0 0.0
4_484 0 0 0.0 0.0 0.0 0.0
4_485 0 0 0.0 0.0 0.0 0.0
4_486 1 -27 1.862645149230957E-9 -5.029141902923584E-8 1.6624438345406104E-18 -3.525960616020646E-8
4_487 0 0 0.0 0.0 0.0 0.0
4_488 0 0 0.0 0.0 0.0 0.0
4_489 0 0 0.0 0.0 0.0 0.0
4_490 2 -19 3.725290298461914E-9 -3.5390257835388184E-8 1.7187742755192962E-18 -4.4999250153613116E-8
4_491 0 0 0.0 0.0 0.0 0.0
4_492 0 0 0.0 0.0 0.0 0.0
4_493 0 0 0.0 0.0 0.0 0.0
4_494 1 14 1.862645149230957E-9 2.60770320892334E-8 1.1065860231606067E-17 2.64811665390706E-8
4_495 0 0 0.0 0.0 0.0 0.0
4_496 0 0 0.0 0.0 0.0 0.0
4_497 0 0 0.0 0.0 0.0 0.0
4_498 1 -11 1.862645149230957E-9 -2.0489096641540527E-8 3.4734900865160506E-18 -1.4757251049236632E-8
4_499 0 0 0.0 0.0 0.0 0.0
4_500 0 0 0.0 0.0 0.0 0.0
4_501 0 0 0.0 0.0 0.0 0.0
4_502 1 -50 1.862645149230957E-9 -9.313225746154785E-8 -5.11003032571011E-18 -7.486873089739013E-8
4_503 0 0 0.0 0.0 0.0 0.0
4_504 0 0 0.0 0.0 0.0 0.0
4_505 0 0 0.0 0.0 0.0 0.0
4_506 2 -33 3.725290298461914E-9 -6.146728992462158E-8 1.0056769118919381E-17 -4.936314298825785E-8
4_507 0 0 0.0 0.0 0.0 0.0
4_508 0 0 0.0 0.0 0.0 0.0
4_509 0 0 0.0 0.0 0.0 0.0
4_510 0 268435296 0.0 0.4999997019767761 -2.0040525826224395E-16 0.49999970044100817
4_511 0 0 0.0 0.0 0.0 0.0
