# FFT输入数据
# 格式: iteration_index re_int im_int re_float im_float
# re_int/im_int: 定点数整数表示
# re_float/im_float: 归一化浮点数表示 [-1, 1)
# === Iteration 1 ===
0_0 -9057 865 -0.276397705078125 0.026397705078125
0_1 28376 27336 0.865966796875 0.834228515625
0_2 21829 -30300 0.666168212890625 -0.9246826171875
0_3 -11373 -24598 -0.347076416015625 -0.75067138671875
0_4 -17333 -30453 -0.528961181640625 -0.929351806640625
0_5 -9889 31984 -0.301788330078125 0.97607421875
0_6 -3403 27121 -0.103851318359375 0.827667236328125
0_7 9053 -25193 0.276275634765625 -0.768829345703125
0_8 -22396 28163 -0.6834716796875 0.859466552734375
0_9 17621 -15556 0.537750244140625 -0.4747314453125
0_10 29168 -23279 0.89013671875 -0.710418701171875
0_11 -28470 5122 -0.86883544921875 0.15631103515625
0_12 20331 -10516 0.620452880859375 -0.3209228515625
0_13 -1448 15655 -0.044189453125 0.477752685546875
0_14 -10972 -14244 -0.3348388671875 -0.4346923828125
0_15 12617 9732 0.385040283203125 0.2969970703125
0_16 27277 -4392 0.832427978515625 -0.134033203125
0_17 -9774 28422 -0.29827880859375 0.86737060546875
0_18 -26854 25642 -0.81951904296875 0.78253173828125
0_19 3630 -3436 0.11077880859375 -0.1048583984375
0_20 -26033 21222 -0.794464111328125 0.64764404296875
0_21 29121 -22203 0.888702392578125 -0.677581787109375
0_22 -20043 9363 -0.611663818359375 0.285736083984375
0_23 -16154 30440 -0.49298095703125 0.928955078125
0_24 12849 5417 0.392120361328125 0.165313720703125
0_25 -29666 -28750 -0.90533447265625 -0.87738037109375
0_26 -19614 -1267 -0.59857177734375 -0.038665771484375
0_27 22947 -7192 0.700286865234375 -0.219482421875
0_28 -6684 -18043 -0.2039794921875 -0.550628662109375
0_29 -17586 -22196 -0.53668212890625 -0.6773681640625
0_30 -22544 929 -0.68798828125 0.028350830078125
0_31 -28401 1136 -0.866729736328125 0.03466796875
0_32 -26039 -32410 -0.794647216796875 -0.98907470703125
0_33 5998 -25264 0.18304443359375 -0.77099609375
0_34 -8011 -22845 -0.244476318359375 -0.697174072265625
0_35 -285 -19910 -0.008697509765625 -0.60760498046875
0_36 6351 21863 0.193817138671875 0.667205810546875
0_37 26970 -6545 0.82305908203125 -0.199737548828125
0_38 -26892 -10485 -0.8206787109375 -0.319976806640625
0_39 -20358 32654 -0.62127685546875 0.99652099609375
0_40 1751 -25002 0.053436279296875 -0.76300048828125
0_41 30276 12636 0.9239501953125 0.3856201171875
0_42 -1324 12366 -0.0404052734375 0.37738037109375
0_43 956 -21521 0.0291748046875 -0.656768798828125
0_44 19975 26936 0.609588623046875 0.822021484375
0_45 -1094 20521 -0.03338623046875 0.626251220703125
0_46 -32645 11226 -0.996246337890625 0.34259033203125
0_47 7163 12919 0.218597412109375 0.394256591796875
0_48 5561 17443 0.169708251953125 0.532318115234375
0_49 12654 -22483 0.38616943359375 -0.686126708984375
0_50 9227 -27682 0.281585693359375 -0.84478759765625
0_51 -24680 16532 -0.753173828125 0.5045166015625
0_52 -30489 23581 -0.930450439453125 0.719635009765625
0_53 21284 17484 0.6495361328125 0.5335693359375
0_54 -4977 -8648 -0.151885986328125 -0.263916015625
0_55 -20844 -21415 -0.6361083984375 -0.653533935546875
0_56 -6318 -31143 -0.19281005859375 -0.950408935546875
0_57 -13675 16881 -0.417327880859375 0.515167236328125
0_58 11557 7466 0.352691650390625 0.22784423828125
0_59 11097 4502 0.338653564453125 0.13739013671875
0_60 -13393 2426 -0.408721923828125 0.07403564453125
0_61 3628 8985 0.1107177734375 0.274200439453125
0_62 -7442 -15678 -0.22711181640625 -0.47845458984375
0_63 -32670 5472 -0.99700927734375 0.1669921875
0_64 9256 11707 0.282470703125 0.357269287109375
0_65 12008 -21469 0.366455078125 -0.655181884765625
0_66 5513 -30230 0.168243408203125 -0.92254638671875
0_67 1681 -4148 0.051300048828125 -0.1265869140625
0_68 5500 -10977 0.1678466796875 -0.334991455078125
0_69 23764 22623 0.7252197265625 0.690399169921875
0_70 20267 30319 0.618499755859375 0.925262451171875
0_71 4441 -15367 0.135528564453125 -0.468963623046875
0_72 -7048 -24824 -0.215087890625 -0.757568359375
0_73 24273 7303 0.740753173828125 0.222869873046875
0_74 6294 887 0.19207763671875 0.027069091796875
0_75 28422 32440 0.86737060546875 0.989990234375
0_76 3251 25820 0.099212646484375 0.7879638671875
0_77 6062 8854 0.18499755859375 0.27020263671875
0_78 -7043 17961 -0.214935302734375 0.548126220703125
0_79 -9005 -5029 -0.274810791015625 -0.153472900390625
0_80 -8525 12184 -0.260162353515625 0.371826171875
0_81 -18492 26287 -0.5643310546875 0.802215576171875
0_82 -730 146 -0.02227783203125 0.00445556640625
0_83 -30835 30355 -0.941009521484375 0.926361083984375
0_84 23266 8305 0.71002197265625 0.253448486328125
0_85 10134 -24313 0.30926513671875 -0.741973876953125
0_86 -10688 24318 -0.326171875 0.74212646484375
0_87 13048 -31917 0.398193359375 -0.974029541015625
0_88 -32253 10471 -0.984283447265625 0.319549560546875
0_89 -29405 -19201 -0.897369384765625 -0.585968017578125
0_90 -25518 24651 -0.77874755859375 0.752288818359375
0_91 2873 -16866 0.087677001953125 -0.51470947265625
0_92 -239 -10005 -0.007293701171875 -0.305328369140625
0_93 -29956 -3601 -0.9141845703125 -0.109893798828125
0_94 -1485 -18436 -0.045318603515625 -0.5626220703125
0_95 29939 -21165 0.913665771484375 -0.645904541015625
0_96 -7763 -1026 -0.236907958984375 -0.03131103515625
0_97 -718 -12745 -0.02191162109375 -0.388946533203125
0_98 -11163 20234 -0.340667724609375 0.61749267578125
0_99 27102 -10958 0.82708740234375 -0.33441162109375
0_100 7050 14433 0.21514892578125 0.440460205078125
0_101 -31291 27054 -0.954925537109375 0.82562255859375
0_102 10590 26288 0.32318115234375 0.80224609375
0_103 4354 21196 0.13287353515625 0.6468505859375
0_104 -27013 26053 -0.824371337890625 0.795074462890625
0_105 12064 4222 0.3681640625 0.12884521484375
0_106 23803 -14654 0.726409912109375 -0.44720458984375
0_107 19174 18709 0.58514404296875 0.570953369140625
0_108 1046 -9453 0.03192138671875 -0.288482666015625
0_109 -14145 11254 -0.431671142578125 0.34344482421875
0_110 -2888 20292 -0.088134765625 0.6192626953125
0_111 -9388 -19777 -0.2864990234375 -0.603546142578125
0_112 -1268 -31438 -0.0386962890625 -0.95941162109375
0_113 26406 -29960 0.80584716796875 -0.914306640625
0_114 12645 -17594 0.385894775390625 -0.53692626953125
0_115 -19584 11162 -0.59765625 0.34063720703125
0_116 -28246 13039 -0.86199951171875 0.397918701171875
0_117 -25175 -20484 -0.768280029296875 -0.6251220703125
0_118 633 24907 0.019317626953125 0.760101318359375
0_119 -24383 3233 -0.744110107421875 0.098663330078125
0_120 26656 9315 0.8134765625 0.284271240234375
0_121 -25157 -8489 -0.767730712890625 -0.259063720703125
0_122 -31184 17341 -0.95166015625 0.529205322265625
0_123 19739 -14855 0.602386474609375 -0.453338623046875
0_124 138 -27010 0.00421142578125 -0.82427978515625
0_125 25803 -1868 0.787445068359375 -0.0570068359375
0_126 -22240 -11737 -0.6787109375 -0.358184814453125
0_127 4176 -17802 0.12744140625 -0.54327392578125
0_128 21971 -19048 0.670501708984375 -0.581298828125
0_129 -31021 -12038 -0.946685791015625 -0.36737060546875
0_130 32490 21059 0.99151611328125 0.642669677734375
0_131 -30406 120 -0.92791748046875 0.003662109375
0_132 -8731 7211 -0.266448974609375 0.220062255859375
0_133 -3797 -30199 -0.115875244140625 -0.921600341796875
0_134 -25292 1560 -0.7718505859375 0.047607421875
0_135 22679 21560 0.692108154296875 0.657958984375
0_136 -31022 -15086 -0.94671630859375 -0.46038818359375
0_137 13890 -19195 0.42388916015625 -0.585784912109375
0_138 6425 -13659 0.196075439453125 -0.416839599609375
0_139 -24677 14284 -0.753082275390625 0.4359130859375
0_140 -13862 8954 -0.42303466796875 0.27325439453125
0_141 -28592 25629 -0.87255859375 0.782135009765625
0_142 -14671 6381 -0.447723388671875 0.194732666015625
0_143 5607 -19073 0.171112060546875 -0.582061767578125
0_144 -23940 -7977 -0.7305908203125 -0.243438720703125
0_145 -12765 6917 -0.389556884765625 0.211090087890625
0_146 356 2376 0.0108642578125 0.072509765625
0_147 -23630 31047 -0.72113037109375 0.947479248046875
0_148 4859 -22120 0.148284912109375 -0.675048828125
0_149 -13674 -29298 -0.41729736328125 -0.89410400390625
0_150 -27860 14173 -0.8502197265625 0.432525634765625
0_151 28244 -401 0.8619384765625 -0.012237548828125
0_152 -7426 14168 -0.22662353515625 0.432373046875
0_153 -7077 26775 -0.215972900390625 0.817108154296875
0_154 18418 11053 0.56207275390625 0.337310791015625
0_155 11895 24262 0.363006591796875 0.74041748046875
0_156 28735 -11048 0.876922607421875 -0.337158203125
0_157 10525 -2627 0.321197509765625 -0.080169677734375
0_158 22958 14847 0.70062255859375 0.453094482421875
0_159 30865 -5914 0.941925048828125 -0.18048095703125
0_160 -17311 28156 -0.528289794921875 0.8592529296875
0_161 -29647 18062 -0.904754638671875 0.55120849609375
0_162 10492 -22492 0.3201904296875 -0.6864013671875
0_163 22921 866 0.699493408203125 0.02642822265625
0_164 24171 18062 0.737640380859375 0.55120849609375
0_165 -29110 -18407 -0.88836669921875 -0.561737060546875
0_166 -23233 13031 -0.709014892578125 0.397674560546875
0_167 19092 2801 0.5826416015625 0.085479736328125
0_168 -24185 28816 -0.738067626953125 0.87939453125
0_169 12534 3109 0.38250732421875 0.094879150390625
0_170 24212 4116 0.7388916015625 0.1256103515625
0_171 2214 -13848 0.06756591796875 -0.422607421875
0_172 -6676 9680 -0.2037353515625 0.29541015625
0_173 -4650 2414 -0.14190673828125 0.07366943359375
0_174 31524 -8469 0.9620361328125 -0.258453369140625
0_175 19743 -8311 0.602508544921875 -0.253631591796875
0_176 19495 15001 0.594940185546875 0.457794189453125
0_177 -20795 -28500 -0.634613037109375 -0.8697509765625
0_178 -20323 -907 -0.620208740234375 -0.027679443359375
0_179 -16778 -4589 -0.51202392578125 -0.140045166015625
0_180 -12763 -1635 -0.389495849609375 -0.049896240234375
0_181 29051 22588 0.886566162109375 0.6893310546875
0_182 -3625 11142 -0.110626220703125 0.34002685546875
0_183 -20206 -20856 -0.61663818359375 -0.636474609375
0_184 11439 -9332 0.349090576171875 -0.2847900390625
0_185 22097 3265 0.674346923828125 0.099639892578125
0_186 -18436 -31002 -0.5626220703125 -0.94610595703125
0_187 31141 6540 0.950347900390625 0.1995849609375
0_188 -31946 -18718 -0.97491455078125 -0.57122802734375
0_189 22317 26889 0.681060791015625 0.820587158203125
0_190 -21074 16998 -0.64312744140625 0.51873779296875
0_191 9108 -21264 0.2779541015625 -0.64892578125
0_192 -6360 14056 -0.194091796875 0.428955078125
0_193 -14131 -3064 -0.431243896484375 -0.093505859375
0_194 2556 -10776 0.0780029296875 -0.328857421875
0_195 22366 30123 0.68255615234375 0.919281005859375
0_196 13103 -23827 0.399871826171875 -0.727142333984375
0_197 5609 30658 0.171173095703125 0.93560791015625
0_198 6198 -13420 0.18914794921875 -0.4095458984375
0_199 7692 -4501 0.2347412109375 -0.137359619140625
0_200 514 16696 0.01568603515625 0.509521484375
0_201 -10008 -3991 -0.305419921875 -0.121795654296875
0_202 16605 -28480 0.506744384765625 -0.869140625
0_203 -2038 -3332 -0.06219482421875 -0.1016845703125
0_204 -6210 -5320 -0.18951416015625 -0.162353515625
0_205 -27107 -22761 -0.827239990234375 -0.694610595703125
0_206 26437 22348 0.806793212890625 0.6820068359375
0_207 28410 282 0.86700439453125 0.00860595703125
0_208 11229 -17680 0.342681884765625 -0.53955078125
0_209 -8746 26578 -0.26690673828125 0.81109619140625
0_210 -26969 19322 -0.823028564453125 0.58966064453125
0_211 -7312 -16498 -0.22314453125 -0.50347900390625
0_212 -24242 5027 -0.73980712890625 0.153411865234375
0_213 -30053 18143 -0.917144775390625 0.553680419921875
0_214 -14147 8305 -0.431732177734375 0.253448486328125
0_215 -10092 19607 -0.3079833984375 0.598358154296875
0_216 -17088 -21956 -0.521484375 -0.6700439453125
0_217 9590 13691 0.29266357421875 0.417816162109375
0_218 1825 15376 0.055694580078125 0.46923828125
0_219 26913 9469 0.821319580078125 0.288970947265625
0_220 -18278 -25592 -0.55780029296875 -0.781005859375
0_221 14119 -17789 0.430877685546875 -0.542877197265625
0_222 18438 -26458 0.56268310546875 -0.80743408203125
0_223 -7613 -29358 -0.232330322265625 -0.89593505859375
0_224 23367 5283 0.713104248046875 0.161224365234375
0_225 29319 32689 0.894744873046875 0.997589111328125
0_226 11786 -13894 0.35968017578125 -0.42401123046875
0_227 -17859 18248 -0.545013427734375 0.556884765625
0_228 2997 32318 0.091461181640625 0.98626708984375
0_229 12695 2148 0.387420654296875 0.0655517578125
0_230 16952 28428 0.517333984375 0.8675537109375
0_231 14831 1306 0.452606201171875 0.03985595703125
0_232 -8123 -18018 -0.247894287109375 -0.54986572265625
0_233 -19473 -11484 -0.594268798828125 -0.3504638671875
0_234 22137 -14503 0.675567626953125 -0.442596435546875
0_235 14729 32101 0.449493408203125 0.979644775390625
0_236 -17534 25974 -0.53509521484375 0.79266357421875
0_237 -5497 23376 -0.167755126953125 0.71337890625
0_238 32254 678 0.98431396484375 0.02069091796875
0_239 16926 14847 0.51654052734375 0.453094482421875
0_240 -4263 -12541 -0.130096435546875 -0.382720947265625
0_241 25116 -4939 0.7664794921875 -0.150726318359375
0_242 28795 27150 0.878753662109375 0.82855224609375
0_243 16086 15519 0.49090576171875 0.473602294921875
0_244 32426 -16384 0.98956298828125 -0.5
0_245 2719 -273 0.082977294921875 -0.008331298828125
0_246 15400 29022 0.469970703125 0.88568115234375
0_247 -22036 23657 -0.6724853515625 0.721954345703125
0_248 -10249 98 -0.312774658203125 0.00299072265625
0_249 12148 -9518 0.3707275390625 -0.29046630859375
0_250 -7709 19699 -0.235260009765625 0.601165771484375
0_251 -13625 -12369 -0.415802001953125 -0.377471923828125
0_252 -12551 3190 -0.383026123046875 0.09735107421875
0_253 -3728 -24508 -0.11376953125 -0.7479248046875
0_254 -10764 -19282 -0.3284912109375 -0.58843994140625
0_255 11217 -21127 0.342315673828125 -0.644744873046875
0_256 -20891 12864 -0.637542724609375 0.392578125
0_257 -1828 24393 -0.0557861328125 0.744415283203125
0_258 26438 4850 0.80682373046875 0.14801025390625
0_259 -6177 21157 -0.188507080078125 0.645660400390625
0_260 30261 841 0.923492431640625 0.025665283203125
0_261 -7449 -9442 -0.227325439453125 -0.28814697265625
0_262 -16884 31985 -0.5152587890625 0.976104736328125
0_263 -12223 32433 -0.373016357421875 0.989776611328125
0_264 -16852 -13775 -0.5142822265625 -0.420379638671875
0_265 9042 -17751 0.27593994140625 -0.541717529296875
0_266 31288 30670 0.954833984375 0.93597412109375
0_267 -18969 -21368 -0.578887939453125 -0.652099609375
0_268 16242 32175 0.49566650390625 0.981903076171875
0_269 -20407 23968 -0.622772216796875 0.7314453125
0_270 -1742 -17326 -0.05316162109375 -0.52874755859375
0_271 20761 -23592 0.633575439453125 -0.719970703125
0_272 -17535 31967 -0.535125732421875 0.975555419921875
0_273 -11367 18980 -0.346893310546875 0.5792236328125
0_274 -3662 -7877 -0.11175537109375 -0.240386962890625
0_275 23727 32712 0.724090576171875 0.998291015625
0_276 -11835 15101 -0.361175537109375 0.460845947265625
0_277 -5677 10944 -0.173248291015625 0.333984375
0_278 25515 4706 0.778656005859375 0.14361572265625
0_279 31460 28713 0.9600830078125 0.876251220703125
0_280 22680 -7437 0.692138671875 -0.226959228515625
0_281 -21251 -24333 -0.648529052734375 -0.742584228515625
0_282 -11854 -16077 -0.36175537109375 -0.490631103515625
0_283 25363 19045 0.774017333984375 0.581207275390625
0_284 -1662 -6820 -0.05072021484375 -0.2081298828125
0_285 -6687 -15153 -0.204071044921875 -0.462432861328125
0_286 22608 -30379 0.68994140625 -0.927093505859375
0_287 -22278 -26683 -0.67987060546875 -0.814300537109375
0_288 9206 21978 0.28094482421875 0.67071533203125
0_289 1062 1600 0.03240966796875 0.048828125
0_290 32527 23129 0.992645263671875 0.705841064453125
0_291 10088 12006 0.307861328125 0.36639404296875
0_292 -6947 -2330 -0.212005615234375 -0.07110595703125
0_293 10928 18696 0.33349609375 0.570556640625
0_294 -29089 21981 -0.887725830078125 0.670806884765625
0_295 -18076 -29084 -0.5516357421875 -0.8875732421875
0_296 -11087 -10887 -0.338348388671875 -0.332244873046875
0_297 -19707 -32621 -0.601409912109375 -0.995513916015625
0_298 -13189 -18550 -0.402496337890625 -0.56610107421875
0_299 30252 7953 0.9232177734375 0.242706298828125
0_300 6406 24621 0.19549560546875 0.751373291015625
0_301 1967 -15078 0.060028076171875 -0.46014404296875
0_302 17147 -30032 0.523284912109375 -0.91650390625
0_303 5540 15441 0.1690673828125 0.471221923828125
0_304 27047 -2113 0.825408935546875 -0.064483642578125
0_305 -1328 -10300 -0.04052734375 -0.3143310546875
0_306 -27199 -6249 -0.830047607421875 -0.190704345703125
0_307 31763 24929 0.969329833984375 0.760772705078125
0_308 9404 4374 0.2869873046875 0.13348388671875
0_309 27499 20415 0.839202880859375 0.623016357421875
0_310 862 -3927 0.02630615234375 -0.119842529296875
0_311 -21180 8868 -0.6463623046875 0.2706298828125
0_312 -16223 8987 -0.495086669921875 0.274261474609375
0_313 8469 13939 0.258453369140625 0.425384521484375
0_314 -8655 -12778 -0.264129638671875 -0.38995361328125
0_315 -28571 -21946 -0.871917724609375 -0.66973876953125
0_316 21836 -15061 0.6663818359375 -0.459625244140625
0_317 17160 -21162 0.523681640625 -0.64581298828125
0_318 -21308 29845 -0.6502685546875 0.910797119140625
0_319 -189 18371 -0.005767822265625 0.560638427734375
0_320 -30086 -27432 -0.91815185546875 -0.837158203125
0_321 -19236 21502 -0.5870361328125 0.65618896484375
0_322 -22716 6753 -0.6932373046875 0.206085205078125
0_323 -27468 16938 -0.8382568359375 0.51690673828125
0_324 -3318 -19388 -0.10125732421875 -0.5916748046875
0_325 -4016 -30345 -0.12255859375 -0.926055908203125
0_326 30469 -9312 0.929840087890625 -0.2841796875
0_327 -28846 -31447 -0.88031005859375 -0.959686279296875
0_328 -16088 -2982 -0.490966796875 -0.09100341796875
0_329 -22296 20478 -0.680419921875 0.62493896484375
0_330 -2957 13753 -0.090240478515625 0.419708251953125
0_331 -6434 -3786 -0.19635009765625 -0.11553955078125
0_332 -13763 2201 -0.420013427734375 0.067169189453125
0_333 -23718 -29029 -0.72381591796875 -0.885894775390625
0_334 7912 -20631 0.241455078125 -0.629608154296875
0_335 25569 3946 0.780303955078125 0.12042236328125
0_336 1222 29766 0.03729248046875 0.90838623046875
0_337 -20482 -22450 -0.62506103515625 -0.68511962890625
0_338 -20162 14725 -0.61529541015625 0.449371337890625
0_339 8811 -22053 0.268890380859375 -0.673004150390625
0_340 1407 15159 0.042938232421875 0.462615966796875
0_341 -23360 -6982 -0.712890625 -0.21307373046875
0_342 -31454 -27977 -0.95989990234375 -0.853790283203125
0_343 27143 20870 0.828338623046875 0.63690185546875
0_344 -31604 -15740 -0.9644775390625 -0.4803466796875
0_345 -30646 -3446 -0.93524169921875 -0.10516357421875
0_346 28269 16059 0.862701416015625 0.490081787109375
0_347 11836 11044 0.3612060546875 0.3370361328125
0_348 -24948 -18473 -0.7613525390625 -0.563751220703125
0_349 -8856 -8204 -0.270263671875 -0.2503662109375
0_350 22294 28625 0.68035888671875 0.873565673828125
0_351 -9158 29810 -0.27947998046875 0.90972900390625
0_352 22714 18475 0.69317626953125 0.563812255859375
0_353 8916 16925 0.2720947265625 0.516510009765625
0_354 11138 -26768 0.33990478515625 -0.81689453125
0_355 21387 5060 0.652679443359375 0.1544189453125
0_356 -5489 26912 -0.167510986328125 0.8212890625
0_357 10475 -6082 0.319671630859375 -0.18560791015625
0_358 -27076 12671 -0.8262939453125 0.386688232421875
0_359 2268 11251 0.0692138671875 0.343353271484375
0_360 29311 31314 0.894500732421875 0.95562744140625
0_361 -11254 25550 -0.34344482421875 0.77972412109375
0_362 -24225 -15483 -0.739288330078125 -0.472503662109375
0_363 23364 7923 0.7130126953125 0.241790771484375
0_364 1752 3650 0.053466796875 0.11138916015625
0_365 16256 -7408 0.49609375 -0.22607421875
0_366 4929 -2134 0.150421142578125 -0.06512451171875
0_367 5530 -24142 0.16876220703125 -0.73675537109375
0_368 -31032 15554 -0.947021484375 0.47467041015625
0_369 -1442 22478 -0.04400634765625 0.68597412109375
0_370 -15585 12664 -0.475616455078125 0.386474609375
0_371 -4430 -31744 -0.13519287109375 -0.96875
0_372 11026 31488 0.33648681640625 0.9609375
0_373 17549 -22504 0.535552978515625 -0.686767578125
0_374 12767 -1884 0.389617919921875 -0.0574951171875
0_375 -25435 -26724 -0.776214599609375 -0.8155517578125
0_376 -26355 -26737 -0.804290771484375 -0.815948486328125
0_377 -14343 -19629 -0.437713623046875 -0.599029541015625
0_378 27175 7269 0.829315185546875 0.221832275390625
0_379 -18312 -20040 -0.558837890625 -0.611572265625
0_380 9694 8983 0.29583740234375 0.274139404296875
0_381 18106 18932 0.55255126953125 0.5777587890625
0_382 -30110 -32750 -0.91888427734375 -0.99945068359375
0_383 16566 6785 0.50555419921875 0.207061767578125
0_384 2829 16525 0.086334228515625 0.504302978515625
0_385 7293 -11603 0.222564697265625 -0.354095458984375
0_386 25191 6167 0.768768310546875 0.188201904296875
0_387 744 -8573 0.022705078125 -0.261627197265625
0_388 -30480 -28150 -0.93017578125 -0.85906982421875
0_389 16039 15339 0.489471435546875 0.468109130859375
0_390 15846 -17291 0.48358154296875 -0.527679443359375
0_391 -27410 24056 -0.83648681640625 0.734130859375
0_392 22145 -17994 0.675811767578125 -0.54913330078125
0_393 -25628 1255 -0.7821044921875 0.038299560546875
0_394 19406 7251 0.59222412109375 0.221282958984375
0_395 -12118 9806 -0.36981201171875 0.29925537109375
0_396 18843 -20394 0.575042724609375 -0.62237548828125
0_397 22828 -25169 0.6966552734375 -0.768096923828125
0_398 4678 19558 0.14276123046875 0.59686279296875
0_399 -2683 -25977 -0.081878662109375 -0.792755126953125
0_400 -10817 1387 -0.330108642578125 0.042327880859375
0_401 28520 6629 0.870361328125 0.202301025390625
0_402 1529 8242 0.046661376953125 0.25152587890625
0_403 -21324 12081 -0.6507568359375 0.368682861328125
0_404 -9524 -2300 -0.2906494140625 -0.0701904296875
0_405 -26058 13853 -0.79522705078125 0.422760009765625
0_406 -21821 -17312 -0.665924072265625 -0.5283203125
0_407 11856 1812 0.36181640625 0.0552978515625
0_408 16468 12696 0.5025634765625 0.387451171875
0_409 23947 -1010 0.730804443359375 -0.03082275390625
0_410 -25843 -26960 -0.788665771484375 -0.82275390625
0_411 -20836 -29212 -0.6358642578125 -0.8914794921875
0_412 1407 -3421 0.042938232421875 -0.104400634765625
0_413 9515 -6646 0.290374755859375 -0.20281982421875
0_414 29273 26182 0.893341064453125 0.79901123046875
0_415 3098 18063 0.09454345703125 0.551239013671875
0_416 -16237 15044 -0.495513916015625 0.4591064453125
0_417 9769 15984 0.298126220703125 0.48779296875
0_418 -8499 23894 -0.259368896484375 0.72918701171875
0_419 28729 25324 0.876739501953125 0.7728271484375
0_420 1192 -18777 0.036376953125 -0.573028564453125
0_421 -18446 -25592 -0.56292724609375 -0.781005859375
0_422 3277 25462 0.100006103515625 0.77703857421875
0_423 13774 -7444 0.42034912109375 -0.2271728515625
0_424 -14572 2042 -0.4447021484375 0.06231689453125
0_425 20384 -14220 0.6220703125 -0.4339599609375
0_426 14045 -4598 0.428619384765625 -0.14031982421875
0_427 -3687 -5740 -0.112518310546875 -0.1751708984375
0_428 -22130 8743 -0.67535400390625 0.266815185546875
0_429 9599 4667 0.292938232421875 0.142425537109375
0_430 25453 -32106 0.776763916015625 -0.97979736328125
0_431 -5506 -20903 -0.16802978515625 -0.637908935546875
0_432 298 -32605 0.00909423828125 -0.995025634765625
0_433 -11757 2058 -0.358795166015625 0.06280517578125
0_434 16702 -6912 0.50970458984375 -0.2109375
0_435 -22450 -3672 -0.68511962890625 -0.112060546875
0_436 -29289 5893 -0.893829345703125 0.179840087890625
0_437 -8957 -8406 -0.273345947265625 -0.25653076171875
0_438 -23931 29168 -0.730316162109375 0.89013671875
0_439 -32464 9146 -0.99072265625 0.27911376953125
0_440 5965 -712 0.182037353515625 -0.021728515625
0_441 19897 21344 0.607208251953125 0.6513671875
0_442 19964 11226 0.6092529296875 0.34259033203125
0_443 14092 31986 0.4300537109375 0.97613525390625
0_444 -26992 1141 -0.82373046875 0.034820556640625
0_445 -13664 -23912 -0.4169921875 -0.729736328125
0_446 -17274 -28799 -0.52716064453125 -0.878875732421875
0_447 -14451 8044 -0.441009521484375 0.2454833984375
0_448 6264 -27681 0.191162109375 -0.844757080078125
0_449 -18110 25375 -0.55267333984375 0.774383544921875
0_450 -7919 23259 -0.241668701171875 0.709808349609375
0_451 -30053 -1667 -0.917144775390625 -0.050872802734375
0_452 21090 26090 0.64361572265625 0.79620361328125
0_453 7870 22363 0.24017333984375 0.682464599609375
0_454 18403 4010 0.561614990234375 0.12237548828125
0_455 -25509 -30394 -0.778472900390625 -0.92755126953125
0_456 -18568 489 -0.566650390625 0.014923095703125
0_457 -19118 3620 -0.58343505859375 0.1104736328125
0_458 -20101 8525 -0.613433837890625 0.260162353515625
0_459 22814 -11875 0.69622802734375 -0.362396240234375
0_460 -4293 5993 -0.131011962890625 0.182891845703125
0_461 -14098 4933 -0.43023681640625 0.150543212890625
0_462 -13149 27515 -0.401275634765625 0.839691162109375
0_463 25293 -14105 0.771881103515625 -0.430450439453125
0_464 -16590 13111 -0.50628662109375 0.400115966796875
0_465 -3568 -20539 -0.10888671875 -0.626800537109375
0_466 -9597 -14846 -0.292877197265625 -0.45306396484375
0_467 16559 19127 0.505340576171875 0.583709716796875
0_468 -10958 -24517 -0.33441162109375 -0.748199462890625
0_469 -19616 -16900 -0.5986328125 -0.5157470703125
0_470 -10590 18350 -0.32318115234375 0.55999755859375
0_471 11178 7484 0.34112548828125 0.2283935546875
0_472 25310 -22401 0.77239990234375 -0.683624267578125
0_473 21445 -7790 0.654449462890625 -0.23773193359375
0_474 13378 4350 0.40826416015625 0.13275146484375
0_475 588 -5164 0.0179443359375 -0.1575927734375
0_476 9815 -10998 0.299530029296875 -0.33563232421875
0_477 3055 -30741 0.093231201171875 -0.938140869140625
0_478 24970 17729 0.76202392578125 0.541046142578125
0_479 -20155 12374 -0.615081787109375 0.37762451171875
0_480 20275 15736 0.618743896484375 0.480224609375
0_481 -15469 29093 -0.472076416015625 0.887847900390625
0_482 2126 12098 0.06488037109375 0.36920166015625
0_483 -27107 -6932 -0.827239990234375 -0.2115478515625
0_484 -21956 29276 -0.6700439453125 0.8934326171875
0_485 10180 10792 0.3106689453125 0.329345703125
0_486 29571 27823 0.902435302734375 0.849090576171875
0_487 -31925 -32645 -0.974273681640625 -0.996246337890625
0_488 -24183 4073 -0.738006591796875 0.124298095703125
0_489 -9921 -16790 -0.302764892578125 -0.51239013671875
0_490 -26718 25022 -0.81536865234375 0.76361083984375
0_491 5638 12293 0.17205810546875 0.375152587890625
0_492 -5648 -28559 -0.17236328125 -0.871551513671875
0_493 -12667 14439 -0.386566162109375 0.440643310546875
0_494 -1138 9436 -0.03472900390625 0.2879638671875
0_495 -160 30593 -0.0048828125 0.933624267578125
0_496 10732 -30563 0.3275146484375 -0.932708740234375
0_497 -13551 -7948 -0.413543701171875 -0.2425537109375
0_498 9913 -30623 0.302520751953125 -0.934539794921875
0_499 -17515 25865 -0.534515380859375 0.789337158203125
0_500 -32404 4494 -0.9888916015625 0.13714599609375
0_501 -1504 3563 -0.0458984375 0.108734130859375
0_502 18590 -6514 0.56732177734375 -0.19879150390625
0_503 -3176 18793 -0.096923828125 0.573516845703125
0_504 -25303 -14536 -0.772186279296875 -0.443603515625
0_505 20673 20177 0.630889892578125 0.615753173828125
0_506 -31527 -9644 -0.962127685546875 -0.2943115234375
0_507 28226 31075 0.86138916015625 0.948333740234375
0_508 -5254 27555 -0.16033935546875 0.840911865234375
0_509 22568 7806 0.688720703125 0.23822021484375
0_510 -20899 7588 -0.637786865234375 0.2315673828125
0_511 1982 -3265 0.06048583984375 -0.099639892578125
# === Iteration 2 ===
1_0 -25656 -3597 -0.782958984375 -0.109771728515625
1_1 26242 -9118 0.80084228515625 -0.27825927734375
1_2 17308 23639 0.5281982421875 0.721405029296875
1_3 -24833 -7064 -0.757843017578125 -0.215576171875
1_4 19722 28246 0.60186767578125 0.86199951171875
1_5 6592 -19347 0.201171875 -0.590423583984375
1_6 11434 -5925 0.34893798828125 -0.180816650390625
1_7 19056 -3263 0.58154296875 -0.099578857421875
1_8 -19713 10812 -0.601593017578125 0.3299560546875
1_9 7446 18621 0.22723388671875 0.568267822265625
1_10 5023 -6594 0.153289794921875 -0.20123291015625
1_11 28191 -7820 0.860321044921875 -0.2386474609375
1_12 1278 -6536 0.03900146484375 -0.199462890625
1_13 -8413 25739 -0.256744384765625 0.785491943359375
1_14 11977 -22204 0.365509033203125 -0.6776123046875
1_15 32530 -27833 0.99273681640625 -0.849395751953125
1_16 -17255 10039 -0.526580810546875 0.306365966796875
1_17 -7166 -17397 -0.21868896484375 -0.530914306640625
1_18 -1167 -14184 -0.035614013671875 -0.432861328125
1_19 22674 -14113 0.69195556640625 -0.430694580078125
1_20 1386 16345 0.04229736328125 0.498809814453125
1_21 -13381 -16084 -0.408355712890625 -0.4908447265625
1_22 -18618 -28072 -0.56817626953125 -0.856689453125
1_23 2449 -8595 0.074737548828125 -0.262298583984375
1_24 17098 -18647 0.52178955078125 -0.569061279296875
1_25 -1331 -7827 -0.040618896484375 -0.238861083984375
1_26 23982 25460 0.73187255859375 0.7769775390625
1_27 -5770 -18268 -0.17608642578125 -0.5574951171875
1_28 15172 -31105 0.4630126953125 -0.949249267578125
1_29 4044 5430 0.1234130859375 0.16571044921875
1_30 -29296 -21579 -0.89404296875 -0.658538818359375
1_31 -27395 -25850 -0.836029052734375 -0.78887939453125
1_32 -13054 -22338 -0.39837646484375 -0.68170166015625
1_33 -2477 -31382 -0.075592041015625 -0.95770263671875
1_34 854 16210 0.02606201171875 0.49468994140625
1_35 11507 1494 0.351165771484375 0.04559326171875
1_36 -30319 26692 -0.925262451171875 0.8145751953125
1_37 29876 12326 0.9117431640625 0.37615966796875
1_38 16962 -2695 0.51763916015625 -0.082244873046875
1_39 -11789 -7729 -0.359771728515625 -0.235870361328125
1_40 15021 -8902 0.458404541015625 -0.27166748046875
1_41 -30924 -7720 -0.9437255859375 -0.235595703125
1_42 -24754 31019 -0.75543212890625 0.946624755859375
1_43 -7815 12248 -0.238494873046875 0.373779296875
1_44 7419 6105 0.226409912109375 0.186309814453125
1_45 -18242 -29660 -0.55670166015625 -0.9051513671875
1_46 7976 -24506 0.243408203125 -0.74786376953125
1_47 -5660 11114 -0.1727294921875 0.33917236328125
1_48 -28445 -31600 -0.868072509765625 -0.96435546875
1_49 -4529 78 -0.138214111328125 0.00238037109375
1_50 -32739 -27985 -0.999114990234375 -0.854034423828125
1_51 -23479 20053 -0.716522216796875 0.611968994140625
1_52 7395 12841 0.225677490234375 0.391876220703125
1_53 -14451 22290 -0.441009521484375 0.68023681640625
1_54 22509 -30231 0.686920166015625 -0.922576904296875
1_55 -31709 -4840 -0.967681884765625 -0.147705078125
1_56 -8166 -15278 -0.24920654296875 -0.46624755859375
1_57 -13229 -9187 -0.403717041015625 -0.280364990234375
1_58 25819 -2155 0.787933349609375 -0.065765380859375
1_59 -27057 13056 -0.825714111328125 0.3984375
1_60 -284 1827 -0.0086669921875 0.055755615234375
1_61 7188 10151 0.2193603515625 0.309783935546875
1_62 4232 28575 0.129150390625 0.872039794921875
1_63 31185 7611 0.951690673828125 0.232269287109375
1_64 9917 19089 0.302642822265625 0.582550048828125
1_65 14696 11463 0.448486328125 0.349822998046875
1_66 -21933 -14054 -0.669342041015625 -0.42889404296875
1_67 13915 -18409 0.424652099609375 -0.561798095703125
1_68 458 -6427 0.01397705078125 -0.196136474609375
1_69 -9944 26507 -0.303466796875 0.808929443359375
1_70 3673 -30967 0.112091064453125 -0.945037841796875
1_71 -27239 15386 -0.831268310546875 0.46954345703125
1_72 21951 -29285 0.669891357421875 -0.893707275390625
1_73 20964 506 0.6397705078125 0.01544189453125
1_74 17751 -16222 0.541717529296875 -0.49505615234375
1_75 28070 -2903 0.85662841796875 -0.088592529296875
1_76 -27394 21585 -0.83599853515625 0.658721923828125
1_77 26018 -17549 0.79400634765625 -0.535552978515625
1_78 10485 28349 0.319976806640625 0.865142822265625
1_79 -956 -20631 -0.0291748046875 -0.629608154296875
1_80 -9182 -18018 -0.28021240234375 -0.54986572265625
1_81 -23265 -26087 -0.709991455078125 -0.796112060546875
1_82 16204 14973 0.4945068359375 0.456939697265625
1_83 2987 20382 0.091156005859375 0.62200927734375
1_84 -20126 15870 -0.61419677734375 0.48431396484375
1_85 -26343 -3511 -0.803924560546875 -0.107147216796875
1_86 -12372 -22666 -0.3775634765625 -0.69171142578125
1_87 6935 -25832 0.211639404296875 -0.788330078125
1_88 24173 -29395 0.737701416015625 -0.897064208984375
1_89 13134 7226 0.40081787109375 0.22052001953125
1_90 -22038 -17976 -0.67254638671875 -0.548583984375
1_91 11863 -21876 0.362030029296875 -0.6676025390625
1_92 26795 -24940 0.817718505859375 -0.7611083984375
1_93 -14802 17487 -0.45172119140625 0.533660888671875
1_94 14533 1784 0.443511962890625 0.054443359375
1_95 14611 32480 0.445892333984375 0.9912109375
1_96 32540 -23121 0.9930419921875 -0.705596923828125
1_97 -6273 7860 -0.191436767578125 0.2398681640625
1_98 16172 30341 0.4935302734375 0.925933837890625
1_99 21388 7490 0.6527099609375 0.22857666015625
1_100 12322 9608 0.37603759765625 0.293212890625
1_101 12136 -5298 0.370361328125 -0.16168212890625
1_102 3941 -10875 0.120269775390625 -0.331878662109375
1_103 2046 15385 0.06243896484375 0.469512939453125
1_104 -8960 -851 -0.2734375 -0.025970458984375
1_105 -17762 9000 -0.54205322265625 0.274658203125
1_106 8821 -14658 0.269195556640625 -0.44732666015625
1_107 4344 -1244 0.132568359375 -0.0379638671875
1_108 -21535 -14019 -0.657196044921875 -0.427825927734375
1_109 -19539 23750 -0.596282958984375 0.72479248046875
1_110 -19150 -30970 -0.58441162109375 -0.94512939453125
1_111 -11708 22870 -0.3572998046875 0.69793701171875
1_112 -21353 -26881 -0.651641845703125 -0.820343017578125
1_113 -4969 28955 -0.151641845703125 0.883636474609375
1_114 30702 29669 0.93695068359375 0.905426025390625
1_115 -20673 6981 -0.630889892578125 0.213043212890625
1_116 -123 25480 -0.003753662109375 0.777587890625
1_117 -16570 -20708 -0.50567626953125 -0.6319580078125
1_118 27815 16587 0.848846435546875 0.506195068359375
1_119 8877 -25284 0.270904541015625 -0.7716064453125
1_120 -28336 -22802 -0.86474609375 -0.69586181640625
1_121 132 -2045 0.0040283203125 -0.062408447265625
1_122 -14572 19778 -0.4447021484375 0.60357666015625
1_123 9594 -25535 0.29278564453125 -0.779266357421875
1_124 -5810 -18021 -0.17730712890625 -0.549957275390625
1_125 -12677 -3367 -0.386871337890625 -0.102752685546875
1_126 284 -25351 0.0086669921875 -0.773651123046875
1_127 741 22948 0.022613525390625 0.7003173828125
1_128 -25650 -24026 -0.78277587890625 -0.73321533203125
1_129 26868 8674 0.8199462890625 0.26470947265625
1_130 23926 -30570 0.73016357421875 -0.93292236328125
1_131 12811 -25371 0.390960693359375 -0.774261474609375
1_132 11447 -28590 0.349334716796875 -0.87249755859375
1_133 3783 -30495 0.115447998046875 -0.930633544921875
1_134 -15997 23706 -0.488189697265625 0.72344970703125
1_135 11736 4 0.358154296875 1.220703125E-4
1_136 -28140 3224 -0.8587646484375 0.098388671875
1_137 4423 -16534 0.134979248046875 -0.50457763671875
1_138 9903 -15911 0.302215576171875 -0.485565185546875
1_139 -29246 -23917 -0.89251708984375 -0.729888916015625
1_140 4483 -21023 0.136810302734375 -0.641571044921875
1_141 -5226 -16716 -0.15948486328125 -0.5101318359375
1_142 -7464 -1721 -0.227783203125 -0.052520751953125
1_143 -11547 -10222 -0.352386474609375 -0.31195068359375
1_144 -6480 -1729 -0.19775390625 -0.052764892578125
1_145 12570 30359 0.38360595703125 0.926483154296875
1_146 -20846 -21733 -0.63616943359375 -0.663238525390625
1_147 30297 -22931 0.924591064453125 -0.699798583984375
1_148 -964 -5652 -0.0294189453125 -0.1724853515625
1_149 -27745 14769 -0.846710205078125 0.450714111328125
1_150 -24763 18311 -0.755706787109375 0.558807373046875
1_151 -14623 -3662 -0.446258544921875 -0.11175537109375
1_152 975 -32315 0.029754638671875 -0.986175537109375
1_153 5832 23768 0.177978515625 0.725341796875
1_154 17025 -17006 0.519561767578125 -0.51898193359375
1_155 3395 580 0.103607177734375 0.0177001953125
1_156 25891 -21245 0.790130615234375 -0.648345947265625
1_157 -15404 -1444 -0.4700927734375 -0.0440673828125
1_158 -22791 -25915 -0.695526123046875 -0.790863037109375
1_159 16369 -21718 0.499542236328125 -0.66278076171875
1_160 -12466 -18932 -0.38043212890625 -0.5777587890625
1_161 -10752 -23112 -0.328125 -0.705322265625
1_162 26376 31936 0.804931640625 0.974609375
1_163 18382 -18871 0.56097412109375 -0.575897216796875
1_164 -19812 -32651 -0.6046142578125 -0.996429443359375
1_165 25819 176 0.787933349609375 0.00537109375
1_166 -18504 7147 -0.564697265625 0.218109130859375
1_167 31029 25746 0.946929931640625 0.78570556640625
1_168 -29510 -15198 -0.90057373046875 -0.46380615234375
1_169 1906 -28916 0.05816650390625 -0.8824462890625
1_170 5791 7369 0.176727294921875 0.224884033203125
1_171 28057 -16251 0.856231689453125 -0.495941162109375
1_172 -17401 -28770 -0.531036376953125 -0.87799072265625
1_173 -14298 -9628 -0.43634033203125 -0.2938232421875
1_174 28696 17325 0.875732421875 0.528717041015625
1_175 -9396 14733 -0.2867431640625 0.449615478515625
1_176 -32188 23826 -0.9822998046875 0.72711181640625
1_177 1672 -3164 0.051025390625 -0.0965576171875
1_178 32420 -25376 0.9893798828125 -0.7744140625
1_179 25185 32531 0.768585205078125 0.992767333984375
1_180 -1524 15233 -0.0465087890625 0.464874267578125
1_181 -28263 -23478 -0.862518310546875 -0.71649169921875
1_182 -19593 -22172 -0.597930908203125 -0.6766357421875
1_183 -31067 -9653 -0.948089599609375 -0.294586181640625
1_184 1454 -29415 0.04437255859375 -0.897674560546875
1_185 23099 11649 0.704925537109375 0.355499267578125
1_186 12169 -22810 0.371368408203125 -0.69610595703125
1_187 14368 22049 0.4384765625 0.672882080078125
1_188 -22168 8663 -0.676513671875 0.264373779296875
1_189 -25913 18333 -0.790802001953125 0.559478759765625
1_190 13217 -26720 0.403350830078125 -0.8154296875
1_191 23723 -9021 0.723968505859375 -0.275299072265625
1_192 -10717 -26174 -0.327056884765625 -0.79876708984375
1_193 13817 12430 0.421661376953125 0.37933349609375
1_194 -2759 -15069 -0.084197998046875 -0.459869384765625
1_195 -14724 4781 -0.4493408203125 0.145904541015625
1_196 25880 14459 0.789794921875 0.441253662109375
1_197 23746 -926 0.72467041015625 -0.02825927734375
1_198 -2768 5973 -0.08447265625 0.182281494140625
1_199 -6977 7993 -0.212921142578125 0.243927001953125
1_200 -6131 -27287 -0.187103271484375 -0.832733154296875
1_201 16285 1759 0.496978759765625 0.053680419921875
1_202 -13140 -16604 -0.4010009765625 -0.5067138671875
1_203 17555 -15599 0.535736083984375 -0.476043701171875
1_204 -753 -8645 -0.022979736328125 -0.263824462890625
1_205 -21122 22983 -0.64459228515625 0.701385498046875
1_206 -7270 25257 -0.22186279296875 0.770782470703125
1_207 -22004 5386 -0.6715087890625 0.16436767578125
1_208 2009 -19562 0.061309814453125 -0.59698486328125
1_209 1917 5998 0.058502197265625 0.18304443359375
1_210 -21582 11971 -0.65863037109375 0.365325927734375
1_211 8720 -437 0.26611328125 -0.013336181640625
1_212 -29107 525 -0.888275146484375 0.016021728515625
1_213 -8760 32134 -0.267333984375 0.98065185546875
1_214 -13836 -3987 -0.4222412109375 -0.121673583984375
1_215 -4312 5814 -0.131591796875 0.17742919921875
1_216 -1874 -25650 -0.05718994140625 -0.78277587890625
1_217 -8308 -8087 -0.2535400390625 -0.246795654296875
1_218 4082 -25012 0.12457275390625 -0.7633056640625
1_219 -25440 -11509 -0.7763671875 -0.351226806640625
1_220 8569 -15962 0.261505126953125 -0.48712158203125
1_221 -31532 4937 -0.9622802734375 0.150665283203125
1_222 17774 -30406 0.54241943359375 -0.92791748046875
1_223 -11119 3632 -0.339324951171875 0.11083984375
1_224 -3043 15413 -0.092864990234375 0.470367431640625
1_225 -365 3571 -0.011138916015625 0.108978271484375
1_226 -30181 -16179 -0.921051025390625 -0.493743896484375
1_227 -12624 -10359 -0.38525390625 -0.316131591796875
1_228 21732 8316 0.6632080078125 0.2537841796875
1_229 -31140 17694 -0.9503173828125 0.53997802734375
1_230 -31107 5927 -0.949310302734375 0.180877685546875
1_231 20215 6258 0.616912841796875 0.19097900390625
1_232 -20540 -8925 -0.6268310546875 -0.272369384765625
1_233 7286 5751 0.22235107421875 0.175506591796875
1_234 -17846 -27265 -0.54461669921875 -0.832061767578125
1_235 13447 4888 0.410369873046875 0.149169921875
1_236 -10491 -18399 -0.320159912109375 -0.561492919921875
1_237 8274 -8740 0.25250244140625 -0.2667236328125
1_238 -2629 8499 -0.080230712890625 0.259368896484375
1_239 -30115 -2725 -0.919036865234375 -0.083160400390625
1_240 19931 30357 0.608245849609375 0.926422119140625
1_241 -2925 -14987 -0.089263916015625 -0.457366943359375
1_242 29352 -30878 0.895751953125 -0.94232177734375
1_243 -6993 -17792 -0.213409423828125 -0.54296875
1_244 -18839 -31988 -0.574920654296875 -0.9761962890625
1_245 3370 9888 0.10284423828125 0.3017578125
1_246 4475 9032 0.136566162109375 0.275634765625
1_247 -26865 24259 -0.819854736328125 0.740325927734375
1_248 -8758 -30590 -0.26727294921875 -0.93353271484375
1_249 23351 24030 0.712615966796875 0.73333740234375
1_250 -2765 -9744 -0.084381103515625 -0.29736328125
1_251 -1870 -2016 -0.05706787109375 -0.0615234375
1_252 -13287 8899 -0.405487060546875 0.271575927734375
1_253 1973 18495 0.060211181640625 0.564422607421875
1_254 6420 13284 0.1959228515625 0.4053955078125
1_255 32106 -24605 0.97979736328125 -0.750885009765625
1_256 20890 -2277 0.63751220703125 -0.069488525390625
1_257 -11489 15592 -0.350616455078125 0.475830078125
1_258 -32317 -3078 -0.986236572265625 -0.09393310546875
1_259 -7373 14543 -0.225006103515625 0.443817138671875
1_260 -14997 16996 -0.457672119140625 0.5186767578125
1_261 15761 14787 0.480987548828125 0.451263427734375
1_262 23258 -22424 0.70977783203125 -0.684326171875
1_263 5496 1525 0.167724609375 0.046539306640625
1_264 3438 -21531 0.10491943359375 -0.657073974609375
1_265 -12265 9837 -0.374298095703125 0.300201416015625
1_266 -22206 22955 -0.67767333984375 0.700531005859375
1_267 -20401 -18814 -0.622589111328125 -0.57415771484375
1_268 -28077 -2408 -0.856842041015625 -0.073486328125
1_269 32045 -31509 0.977935791015625 -0.961578369140625
1_270 14802 -22261 0.45172119140625 -0.679351806640625
1_271 16227 800 0.495208740234375 0.0244140625
1_272 30183 -832 0.921112060546875 -0.025390625
1_273 5026 -23603 0.15338134765625 -0.720306396484375
1_274 6930 26280 0.21148681640625 0.802001953125
1_275 27992 14775 0.854248046875 0.450897216796875
1_276 15647 15339 0.477508544921875 0.468109130859375
1_277 11360 27055 0.3466796875 0.825653076171875
1_278 16401 -6802 0.500518798828125 -0.20758056640625
1_279 22970 7329 0.70098876953125 0.223663330078125
1_280 8826 6603 0.26934814453125 0.201507568359375
1_281 -12093 7765 -0.369049072265625 0.236968994140625
1_282 -7760 6489 -0.23681640625 0.198028564453125
1_283 13544 19107 0.413330078125 0.583099365234375
1_284 28844 -2944 0.8802490234375 -0.08984375
1_285 21653 10693 0.660797119140625 0.326324462890625
1_286 -11557 -9511 -0.352691650390625 -0.290252685546875
1_287 4740 -706 0.1446533203125 -0.02154541015625
1_288 -26431 818 -0.806610107421875 0.02496337890625
1_289 -31798 -25052 -0.97039794921875 -0.7645263671875
1_290 17284 -32681 0.5274658203125 -0.997344970703125
1_291 -25535 19238 -0.779266357421875 0.58709716796875
1_292 12814 1584 0.39105224609375 0.04833984375
1_293 20877 -31440 0.637115478515625 -0.95947265625
1_294 23913 23830 0.729766845703125 0.72723388671875
1_295 -4042 17658 -0.12335205078125 0.53887939453125
1_296 -19013 -14374 -0.580230712890625 -0.43865966796875
1_297 -21689 22176 -0.661895751953125 0.6767578125
1_298 -17178 -25862 -0.52423095703125 -0.78924560546875
1_299 32515 12929 0.992279052734375 0.394561767578125
1_300 -27992 31247 -0.854248046875 0.953582763671875
1_301 -4178 -20275 -0.12750244140625 -0.618743896484375
1_302 1900 21236 0.0579833984375 0.6480712890625
1_303 12139 -4339 0.370452880859375 -0.132415771484375
1_304 10752 3574 0.328125 0.10906982421875
1_305 -12544 26975 -0.3828125 0.823211669921875
1_306 -14246 -16880 -0.43475341796875 -0.51513671875
1_307 26168 -7218 0.798583984375 -0.22027587890625
1_308 24511 -16823 0.748016357421875 -0.513397216796875
1_309 1777 20455 0.054229736328125 0.624237060546875
1_310 19525 -10384 0.595855712890625 -0.31689453125
1_311 -11647 26402 -0.355438232421875 0.80572509765625
1_312 -21009 9853 -0.641143798828125 0.300689697265625
1_313 -32249 -30557 -0.984161376953125 -0.932525634765625
1_314 27136 -12880 0.828125 -0.39306640625
1_315 1972 22594 0.0601806640625 0.68951416015625
1_316 5243 27506 0.160003662109375 0.83941650390625
1_317 -8361 14801 -0.255157470703125 0.451690673828125
1_318 2021 12409 0.061676025390625 0.378692626953125
1_319 -6 -22828 -1.8310546875E-4 -0.6966552734375
1_320 -11580 11399 -0.3533935546875 0.347869873046875
1_321 19681 25169 0.600616455078125 0.768096923828125
1_322 -19663 -8901 -0.600067138671875 -0.271636962890625
1_323 -25914 5681 -0.79083251953125 0.173370361328125
1_324 -27808 11826 -0.8486328125 0.36090087890625
1_325 -5119 5246 -0.156219482421875 0.16009521484375
1_326 -12687 19556 -0.387176513671875 0.5968017578125
1_327 3262 -2951 0.09954833984375 -0.090057373046875
1_328 -27216 -3702 -0.83056640625 -0.11297607421875
1_329 -21317 -912 -0.650543212890625 -0.02783203125
1_330 -19620 1658 -0.5987548828125 0.05059814453125
1_331 -193 -21043 -0.005889892578125 -0.642181396484375
1_332 27703 -18861 0.845428466796875 -0.575592041015625
1_333 -22070 3362 -0.67352294921875 0.10260009765625
1_334 -23665 -18693 -0.722198486328125 -0.570465087890625
1_335 -12501 7204 -0.381500244140625 0.2198486328125
1_336 6617 -18562 0.201934814453125 -0.56646728515625
1_337 -27460 27686 -0.8380126953125 0.84490966796875
1_338 -29941 -30494 -0.913726806640625 -0.93060302734375
1_339 -3123 13496 -0.095306396484375 0.411865234375
1_340 -19601 -13257 -0.598175048828125 -0.404571533203125
1_341 -20855 14295 -0.636444091796875 0.436248779296875
1_342 26218 14131 0.80010986328125 0.431243896484375
1_343 6135 15349 0.187225341796875 0.468414306640625
1_344 11864 -1565 0.362060546875 -0.047760009765625
1_345 7782 -28603 0.23748779296875 -0.872894287109375
1_346 -27100 -32261 -0.8270263671875 -0.984527587890625
1_347 -10070 -1710 -0.30731201171875 -0.05218505859375
1_348 -20495 -4685 -0.625457763671875 -0.142974853515625
1_349 13779 24387 0.420501708984375 0.744232177734375
1_350 -30870 -31095 -0.94207763671875 -0.948944091796875
1_351 28141 31912 0.858795166015625 0.973876953125
1_352 -31453 -14674 -0.959869384765625 -0.44781494140625
1_353 22027 -18354 0.672210693359375 -0.56011962890625
1_354 -7589 -12305 -0.231597900390625 -0.375518798828125
1_355 -17503 -6458 -0.534149169921875 -0.19708251953125
1_356 -7066 4940 -0.21563720703125 0.1507568359375
1_357 -18332 19778 -0.5594482421875 0.60357666015625
1_358 -9052 -11525 -0.2762451171875 -0.351715087890625
1_359 26999 20332 0.823944091796875 0.6204833984375
1_360 -16399 26646 -0.500457763671875 0.81317138671875
1_361 20565 24835 0.627593994140625 0.757904052734375
1_362 26326 -4296 0.80340576171875 -0.131103515625
1_363 -21921 21223 -0.668975830078125 0.647674560546875
1_364 14579 32469 0.444915771484375 0.990875244140625
1_365 23308 -10853 0.7113037109375 -0.331207275390625
1_366 -22027 -849 -0.672210693359375 -0.025909423828125
1_367 19712 2552 0.6015625 0.077880859375
1_368 -18420 24649 -0.5621337890625 0.752227783203125
1_369 -2584 28533 -0.078857421875 0.870758056640625
1_370 -19955 -7052 -0.608978271484375 -0.2152099609375
1_371 -30684 11973 -0.9364013671875 0.365386962890625
1_372 19046 -19336 0.58123779296875 -0.590087890625
1_373 16953 11180 0.517364501953125 0.3411865234375
1_374 12763 -16330 0.389495849609375 -0.49835205078125
1_375 -18649 -1556 -0.569122314453125 -0.0474853515625
1_376 -23012 -2045 -0.7022705078125 -0.062408447265625
1_377 12817 -27749 0.391143798828125 -0.846832275390625
1_378 721 -31906 0.022003173828125 -0.97369384765625
1_379 -7233 -11504 -0.220733642578125 -0.35107421875
1_380 9181 -228 0.280181884765625 -0.0069580078125
1_381 5909 19496 0.180328369140625 0.594970703125
1_382 25593 15991 0.781036376953125 0.488006591796875
1_383 -29750 18540 -0.90789794921875 0.5657958984375
1_384 3815 -7932 0.116424560546875 -0.2420654296875
1_385 29070 -17553 0.88714599609375 -0.535675048828125
1_386 402 -23576 0.01226806640625 -0.719482421875
1_387 -29984 -7879 -0.9150390625 -0.240447998046875
1_388 -6181 8498 -0.188629150390625 0.25933837890625
1_389 19250 -31792 0.58746337890625 -0.97021484375
1_390 32344 -27843 0.987060546875 -0.849700927734375
1_391 28898 18186 0.88189697265625 0.55499267578125
1_392 -26115 -21127 -0.796966552734375 -0.644744873046875
1_393 -24989 -16508 -0.762603759765625 -0.5037841796875
1_394 -28967 5759 -0.884002685546875 0.175750732421875
1_395 -10303 -3495 -0.314422607421875 -0.106658935546875
1_396 11733 4842 0.358062744140625 0.14776611328125
1_397 -6190 23601 -0.18890380859375 0.720245361328125
1_398 -18861 27498 -0.575592041015625 0.83917236328125
1_399 31796 -276 0.9703369140625 -0.0084228515625
1_400 14176 7477 0.4326171875 0.228179931640625
1_401 1486 -19921 0.04534912109375 -0.607940673828125
1_402 23529 26732 0.718048095703125 0.8157958984375
1_403 -2529 3288 -0.077178955078125 0.100341796875
1_404 6447 -4413 0.196746826171875 -0.134674072265625
1_405 -2631 30573 -0.080291748046875 0.933013916015625
1_406 15933 -13365 0.486236572265625 -0.407867431640625
1_407 -4395 6967 -0.134124755859375 0.212615966796875
1_408 14625 -32290 0.446319580078125 -0.98541259765625
1_409 -10938 31274 -0.33380126953125 0.95440673828125
1_410 17064 -13989 0.520751953125 -0.426910400390625
1_411 -25463 6626 -0.777069091796875 0.20220947265625
1_412 28336 28040 0.86474609375 0.855712890625
1_413 -13665 9209 -0.417022705078125 0.281036376953125
1_414 15546 31124 0.47442626953125 0.9498291015625
1_415 7044 -30781 0.2149658203125 -0.939361572265625
1_416 17892 -17675 0.5460205078125 -0.539398193359375
1_417 7053 -24135 0.215240478515625 -0.736541748046875
1_418 -28248 -23798 -0.862060546875 -0.72625732421875
1_419 -2299 -11373 -0.070159912109375 -0.347076416015625
1_420 11627 -27989 0.354827880859375 -0.854156494140625
1_421 -14035 -20108 -0.428314208984375 -0.6136474609375
1_422 -30004 -19074 -0.9156494140625 -0.58209228515625
1_423 -11049 23822 -0.337188720703125 0.72698974609375
1_424 18796 -30006 0.5736083984375 -0.91571044921875
1_425 31459 -31903 0.960052490234375 -0.973602294921875
1_426 -16012 -19431 -0.4886474609375 -0.592987060546875
1_427 -16380 -6924 -0.4998779296875 -0.2113037109375
1_428 28697 27142 0.875762939453125 0.82830810546875
1_429 24720 -12434 0.75439453125 -0.37945556640625
1_430 19857 14984 0.605987548828125 0.457275390625
1_431 56 -3469 0.001708984375 -0.105865478515625
1_432 -14327 17735 -0.437225341796875 0.541229248046875
1_433 -1734 15632 -0.05291748046875 0.47705078125
1_434 18440 -16644 0.562744140625 -0.5079345703125
1_435 -15187 13488 -0.463470458984375 0.41162109375
1_436 -25624 -2048 -0.781982421875 -0.0625
1_437 22691 32574 0.692474365234375 0.99407958984375
1_438 -16200 -20133 -0.494384765625 -0.614410400390625
1_439 10944 12200 0.333984375 0.372314453125
1_440 14852 6574 0.4532470703125 0.20062255859375
1_441 -25714 4825 -0.78472900390625 0.147247314453125
1_442 32635 7699 0.995941162109375 0.234954833984375
1_443 20863 -27755 0.636688232421875 -0.847015380859375
1_444 8639 -17128 0.263641357421875 -0.522705078125
1_445 -18520 25053 -0.565185546875 0.764556884765625
1_446 -14678 2395 -0.44793701171875 0.073089599609375
1_447 15579 30337 0.475433349609375 0.925811767578125
1_448 21499 30771 0.656097412109375 0.939056396484375
1_449 -18103 10794 -0.552459716796875 0.32940673828125
1_450 -11028 -12824 -0.3365478515625 -0.391357421875
1_451 17473 18390 0.533233642578125 0.56121826171875
1_452 22261 28113 0.679351806640625 0.857940673828125
1_453 -12646 27322 -0.38592529296875 0.83380126953125
1_454 4966 26701 0.15155029296875 0.814849853515625
1_455 -22072 -16912 -0.673583984375 -0.51611328125
1_456 24885 21623 0.759429931640625 0.659881591796875
1_457 13501 -14708 0.412017822265625 -0.4488525390625
1_458 -19317 -16754 -0.589508056640625 -0.51129150390625
1_459 -16313 11796 -0.497833251953125 0.3599853515625
1_460 10877 -16383 0.331939697265625 -0.499969482421875
1_461 14609 16548 0.445831298828125 0.5050048828125
1_462 1810 -24147 0.05523681640625 -0.736907958984375
1_463 -18458 -18608 -0.56329345703125 -0.56787109375
1_464 5348 17903 0.1632080078125 0.546356201171875
1_465 1457 28899 0.044464111328125 0.881927490234375
1_466 -6161 32038 -0.188018798828125 0.97772216796875
1_467 -15854 26915 -0.48382568359375 0.821380615234375
1_468 -17533 28297 -0.535064697265625 0.863555908203125
1_469 -8775 -10846 -0.267791748046875 -0.33099365234375
1_470 -29378 26279 -0.89654541015625 0.801971435546875
1_471 -16674 5873 -0.50885009765625 0.179229736328125
1_472 30561 -14550 0.932647705078125 -0.44403076171875
1_473 -15613 -19915 -0.476470947265625 -0.607757568359375
1_474 23436 -31099 0.7152099609375 -0.949066162109375
1_475 3899 -9824 0.118988037109375 -0.2998046875
1_476 5764 -11156 0.1759033203125 -0.3404541015625
1_477 15452 -284 0.4715576171875 -0.0086669921875
1_478 -27170 -24663 -0.82916259765625 -0.752655029296875
1_479 30869 22762 0.942047119140625 0.69464111328125
1_480 -11177 5372 -0.341094970703125 0.1639404296875
1_481 6240 19184 0.1904296875 0.58544921875
1_482 -32661 -11263 -0.996734619140625 -0.343719482421875
1_483 16310 -10692 0.49774169921875 -0.3262939453125
1_484 -25138 -16305 -0.76715087890625 -0.497589111328125
1_485 -27002 5545 -0.82403564453125 0.169219970703125
1_486 -781 -24406 -0.023834228515625 -0.74481201171875
1_487 -15871 -25813 -0.484344482421875 -0.787750244140625
1_488 -12569 28300 -0.383575439453125 0.8636474609375
1_489 21769 4029 0.664337158203125 0.122955322265625
1_490 -16628 29540 -0.5074462890625 0.9014892578125
1_491 -8852 -8743 -0.2701416015625 -0.266815185546875
1_492 -7548 24917 -0.2303466796875 0.760406494140625
1_493 -16460 -5581 -0.5023193359375 -0.170318603515625
1_494 -2577 10501 -0.078643798828125 0.320465087890625
1_495 26819 26072 0.818450927734375 0.795654296875
1_496 186 -18615 0.00567626953125 -0.568084716796875
1_497 -32584 -11060 -0.994384765625 -0.3375244140625
1_498 -20347 15097 -0.620941162109375 0.460723876953125
1_499 -10464 15456 -0.3193359375 0.4716796875
1_500 -3322 28266 -0.10137939453125 0.86260986328125
1_501 -24031 -28236 -0.733367919921875 -0.8616943359375
1_502 20425 24579 0.623321533203125 0.750091552734375
1_503 -7521 31460 -0.229522705078125 0.9600830078125
1_504 -14067 -17471 -0.429290771484375 -0.533172607421875
1_505 -23670 4271 -0.72235107421875 0.130340576171875
1_506 4809 -5426 0.146759033203125 -0.16558837890625
1_507 -15435 -9375 -0.471038818359375 -0.286102294921875
1_508 25561 -5913 0.780059814453125 -0.180450439453125
1_509 -15075 -10164 -0.460052490234375 -0.3101806640625
1_510 9923 16133 0.302825927734375 0.492340087890625
1_511 3011 1521 0.091888427734375 0.046417236328125
# === Iteration 3 ===
2_0 12463 -26024 0.380340576171875 -0.794189453125
2_1 11787 8112 0.359710693359375 0.24755859375
2_2 -21196 19461 -0.6468505859375 0.593902587890625
2_3 -19782 -18568 -0.60369873046875 -0.566650390625
2_4 -26629 7074 -0.812652587890625 0.21588134765625
2_5 25088 24580 0.765625 0.7501220703125
2_6 -10010 6736 -0.30548095703125 0.20556640625
2_7 18664 -14983 0.569580078125 -0.457244873046875
2_8 2029 4333 0.061920166015625 0.132232666015625
2_9 -20917 20654 -0.638336181640625 0.63031005859375
2_10 -26055 8030 -0.795135498046875 0.24505615234375
2_11 -30891 -19601 -0.942718505859375 -0.598175048828125
2_12 3506 -18593 0.10699462890625 -0.567413330078125
2_13 -11091 -19001 -0.338470458984375 -0.579864501953125
2_14 21048 14719 0.642333984375 0.449188232421875
2_15 -21956 1582 -0.6700439453125 0.04827880859375
2_16 -23682 -20390 -0.72271728515625 -0.62225341796875
2_17 16145 9344 0.492706298828125 0.28515625
2_18 -21681 -5164 -0.661651611328125 -0.1575927734375
2_19 6782 -15828 0.20697021484375 -0.4830322265625
2_20 -19257 11683 -0.587677001953125 0.356536865234375
2_21 29863 -6803 0.911346435546875 -0.207611083984375
2_22 1432 -20323 0.043701171875 -0.620208740234375
2_23 -5075 -30286 -0.154876708984375 -0.92425537109375
2_24 -8870 14043 -0.27069091796875 0.428558349609375
2_25 24086 26846 0.73504638671875 0.81927490234375
2_26 -9197 -407 -0.280670166015625 -0.012420654296875
2_27 -24183 -24481 -0.738006591796875 -0.747100830078125
2_28 -27843 -21777 -0.849700927734375 -0.664581298828125
2_29 9155 21953 0.279388427734375 0.669952392578125
2_30 10076 -5414 0.3074951171875 -0.16522216796875
2_31 29439 -20101 0.898406982421875 -0.613433837890625
2_32 16003 -28072 0.488372802734375 -0.856689453125
2_33 5731 6082 0.174896240234375 0.18560791015625
2_34 2452 11280 0.0748291015625 0.34423828125
2_35 5649 -26893 0.172393798828125 -0.820709228515625
2_36 15734 20828 0.48016357421875 0.6356201171875
2_37 8033 -2679 0.245147705078125 -0.081756591796875
2_38 -355 -26643 -0.010833740234375 -0.813079833984375
2_39 -25030 -30958 -0.76385498046875 -0.94476318359375
2_40 30414 19353 0.92816162109375 0.590606689453125
2_41 -21580 9310 -0.6585693359375 0.28411865234375
2_42 25310 9919 0.77239990234375 0.302703857421875
2_43 -25561 -185 -0.780059814453125 -0.005645751953125
2_44 -6448 -27491 -0.19677734375 -0.838958740234375
2_45 -7867 665 -0.240081787109375 0.020294189453125
2_46 25139 -4846 0.767181396484375 -0.14788818359375
2_47 4327 31367 0.132049560546875 0.957244873046875
2_48 -30831 23377 -0.940887451171875 0.713409423828125
2_49 13305 -24950 0.406036376953125 -0.76141357421875
2_50 18355 30370 0.560150146484375 0.92681884765625
2_51 9184 -32218 0.2802734375 -0.98321533203125
2_52 4019 -10140 0.122650146484375 -0.3094482421875
2_53 7420 -3100 0.2264404296875 -0.0946044921875
2_54 -18831 27318 -0.574676513671875 0.83367919921875
2_55 -13397 -4051 -0.408843994140625 -0.123626708984375
2_56 18003 -21987 0.549407958984375 -0.670989990234375
2_57 -13337 -10823 -0.407012939453125 -0.330291748046875
2_58 -30088 26736 -0.918212890625 0.81591796875
2_59 -15563 19080 -0.474945068359375 0.582275390625
2_60 5651 -19926 0.172454833984375 -0.60809326171875
2_61 9944 20376 0.303466796875 0.621826171875
2_62 133 -26694 0.004058837890625 -0.81463623046875
2_63 13741 -2404 0.419342041015625 -0.0733642578125
2_64 7266 -17317 0.22174072265625 -0.528472900390625
2_65 21406 25714 0.65325927734375 0.78472900390625
2_66 19032 -32274 0.580810546875 -0.98492431640625
2_67 -31437 -23278 -0.959381103515625 -0.71038818359375
2_68 11629 28509 0.354888916015625 0.870025634765625
2_69 20866 30261 0.63677978515625 0.923492431640625
2_70 -7016 25447 -0.214111328125 0.776580810546875
2_71 29006 -16908 0.88519287109375 -0.5159912109375
2_72 10348 19176 0.3157958984375 0.585205078125
2_73 -8093 19794 -0.246978759765625 0.60406494140625
2_74 -9572 19849 -0.2921142578125 0.605743408203125
2_75 -21626 -15010 -0.65997314453125 -0.45806884765625
2_76 -31957 -16144 -0.975250244140625 -0.49267578125
2_77 3867 -21587 0.118011474609375 -0.658782958984375
2_78 -23647 7932 -0.721649169921875 0.2420654296875
2_79 -26172 -22168 -0.7987060546875 -0.676513671875
2_80 9981 -13881 0.304595947265625 -0.423614501953125
2_81 20589 -28023 0.628326416015625 -0.855194091796875
2_82 27700 -29155 0.8453369140625 -0.889739990234375
2_83 -24754 -22009 -0.75543212890625 -0.671661376953125
2_84 -27513 -21167 -0.839630126953125 -0.645965576171875
2_85 -7435 -6262 -0.226898193359375 -0.19110107421875
2_86 28132 16359 0.8585205078125 0.499237060546875
2_87 -14730 5129 -0.44952392578125 0.156524658203125
2_88 -14592 7589 -0.4453125 0.231597900390625
2_89 -21046 -3873 -0.64227294921875 -0.118194580078125
2_90 28277 11227 0.862945556640625 0.342620849609375
2_91 3668 22644 0.1119384765625 0.6910400390625
2_92 -1311 10692 -0.040008544921875 0.3262939453125
2_93 28895 13589 0.881805419921875 0.414703369140625
2_94 -24785 23453 -0.756378173828125 0.715728759765625
2_95 -3785 8664 -0.115509033203125 0.264404296875
2_96 20260 325 0.6182861328125 0.009918212890625
2_97 19789 -22718 0.603912353515625 -0.69329833984375
2_98 -9206 27480 -0.28094482421875 0.838623046875
2_99 -3704 -5777 -0.113037109375 -0.176300048828125
2_100 13183 -997 0.402313232421875 -0.030426025390625
2_101 14085 -21377 0.429840087890625 -0.652374267578125
2_102 -17981 3610 -0.548736572265625 0.11016845703125
2_103 7254 13846 0.22137451171875 0.42254638671875
2_104 -18108 -9266 -0.5526123046875 -0.28277587890625
2_105 -10589 29650 -0.323150634765625 0.90484619140625
2_106 -5857 16314 -0.178741455078125 0.49786376953125
2_107 31193 8054 0.951934814453125 0.24578857421875
2_108 10192 -14885 0.31103515625 -0.454254150390625
2_109 -16541 19988 -0.504791259765625 0.6099853515625
2_110 13558 -17408 0.41375732421875 -0.53125
2_111 21884 -6172 0.6678466796875 -0.1883544921875
2_112 -22344 2305 -0.681884765625 0.070343017578125
2_113 -23961 12142 -0.731231689453125 0.37054443359375
2_114 -14410 -14066 -0.43975830078125 -0.42926025390625
2_115 8290 32732 0.25299072265625 0.9989013671875
2_116 31510 22976 0.96160888671875 0.701171875
2_117 21966 18540 0.67034912109375 0.5657958984375
2_118 29830 24927 0.91033935546875 0.760711669921875
2_119 29281 -29159 0.893585205078125 -0.889862060546875
2_120 -8029 -11188 -0.245025634765625 -0.3414306640625
2_121 7001 -20270 0.213653564453125 -0.61859130859375
2_122 30520 20416 0.931396484375 0.623046875
2_123 22247 10146 0.678924560546875 0.30963134765625
2_124 -7539 -17240 -0.230072021484375 -0.526123046875
2_125 -28786 29349 -0.87847900390625 0.895660400390625
2_126 32164 -8670 0.9815673828125 -0.26458740234375
2_127 -23468 -17564 -0.7161865234375 -0.5360107421875
2_128 7979 -22583 0.243499755859375 -0.689178466796875
2_129 4001 -8153 0.122100830078125 -0.248809814453125
2_130 -11209 20022 -0.342071533203125 0.61102294921875
2_131 -27224 -10979 -0.830810546875 -0.335052490234375
2_132 3327 29403 0.101531982421875 0.897308349609375
2_133 12688 923 0.38720703125 0.028167724609375
2_134 16046 28951 0.48968505859375 0.883514404296875
2_135 16283 17334 0.496917724609375 0.52899169921875
2_136 -32082 12313 -0.97906494140625 0.375762939453125
2_137 7982 9256 0.24359130859375 0.282470703125
2_138 23908 22928 0.7296142578125 0.69970703125
2_139 -15481 -8357 -0.472442626953125 -0.255035400390625
2_140 -8494 -1342 -0.25921630859375 -0.04095458984375
2_141 16935 -12500 0.516815185546875 -0.3814697265625
2_142 32415 21158 0.989227294921875 0.64569091796875
2_143 21409 -23582 0.653350830078125 -0.71966552734375
2_144 -8733 30252 -0.266510009765625 0.9232177734375
2_145 -19428 -28221 -0.5928955078125 -0.861236572265625
2_146 25275 -1395 0.771331787109375 -0.042572021484375
2_147 13700 5198 0.4180908203125 0.15863037109375
2_148 1925 -27144 0.058746337890625 -0.828369140625
2_149 21352 -28042 0.651611328125 -0.85577392578125
2_150 -14028 -24541 -0.4281005859375 -0.748931884765625
2_151 -3844 -7026 -0.1173095703125 -0.21441650390625
2_152 -24580 12260 -0.7501220703125 0.3741455078125
2_153 12860 -30921 0.3924560546875 -0.943634033203125
2_154 -27683 -14444 -0.844818115234375 -0.4407958984375
2_155 -15731 -18758 -0.480072021484375 -0.57244873046875
2_156 13734 -15932 0.41912841796875 -0.4862060546875
2_157 21265 6181 0.648956298828125 0.188629150390625
2_158 -4922 2253 -0.15020751953125 0.068756103515625
2_159 14915 20839 0.455169677734375 0.635955810546875
2_160 13736 -14176 0.419189453125 -0.4326171875
2_161 19111 -25655 0.583221435546875 -0.782928466796875
2_162 8871 20701 0.270721435546875 0.631744384765625
2_163 -22370 5353 -0.68267822265625 0.163360595703125
2_164 28214 -8 0.86102294921875 -2.44140625E-4
2_165 27917 15803 0.851959228515625 0.482269287109375
2_166 -8493 -4760 -0.259185791015625 -0.145263671875
2_167 -25407 -25202 -0.775360107421875 -0.76910400390625
2_168 2077 -7504 0.063385009765625 -0.22900390625
2_169 -24470 3303 -0.74676513671875 0.100799560546875
2_170 -4361 -20539 -0.133087158203125 -0.626800537109375
2_171 16440 28961 0.501708984375 0.883819580078125
2_172 19591 -11985 0.597869873046875 -0.365753173828125
2_173 -12923 8925 -0.394378662109375 0.272369384765625
2_174 7233 -7297 0.220733642578125 -0.222686767578125
2_175 -12817 20053 -0.391143798828125 0.611968994140625
2_176 32523 21153 0.992523193359375 0.645538330078125
2_177 11072 4577 0.337890625 0.139678955078125
2_178 28836 -13763 0.8800048828125 -0.420013427734375
2_179 -17616 13532 -0.53759765625 0.4129638671875
2_180 12172 372 0.3714599609375 0.0113525390625
2_181 20360 2989 0.621337890625 0.091217041015625
2_182 -9646 -12977 -0.29437255859375 -0.396026611328125
2_183 27342 -31426 0.83441162109375 -0.95904541015625
2_184 -21886 -10887 -0.66790771484375 -0.332244873046875
2_185 1384 -16614 0.042236328125 -0.50701904296875
2_186 21679 -25752 0.661590576171875 -0.785888671875
2_187 27592 -22581 0.842041015625 -0.689117431640625
2_188 -26215 -22454 -0.800018310546875 -0.68524169921875
2_189 25929 -16612 0.791290283203125 -0.5069580078125
2_190 -25269 -2230 -0.771148681640625 -0.06805419921875
2_191 22028 -32204 0.6722412109375 -0.9827880859375
2_192 31187 722 0.951751708984375 0.02203369140625
2_193 -28279 25030 -0.863006591796875 0.76385498046875
2_194 677 4691 0.020660400390625 0.143157958984375
2_195 20774 -23658 0.63397216796875 -0.72198486328125
2_196 18331 32028 0.559417724609375 0.9774169921875
2_197 -14610 27209 -0.44586181640625 0.830352783203125
2_198 2512 -5046 0.07666015625 -0.15399169921875
2_199 12803 30489 0.390716552734375 0.930450439453125
2_200 -23454 15317 -0.71575927734375 0.467437744140625
2_201 9642 32033 0.29425048828125 0.977569580078125
2_202 32563 22484 0.993743896484375 0.6861572265625
2_203 -6632 -669 -0.202392578125 -0.020416259765625
2_204 -15160 24842 -0.462646484375 0.75811767578125
2_205 -19216 20958 -0.58642578125 0.63958740234375
2_206 1528 -3742 0.046630859375 -0.11419677734375
2_207 -27766 -31355 -0.84735107421875 -0.956878662109375
2_208 -22169 -26590 -0.676544189453125 -0.81146240234375
2_209 -22460 -11720 -0.6854248046875 -0.357666015625
2_210 24819 -29549 0.757415771484375 -0.901763916015625
2_211 28467 -25058 0.868743896484375 -0.76470947265625
2_212 32695 16159 0.997772216796875 0.493133544921875
2_213 -9446 -9612 -0.28826904296875 -0.2933349609375
2_214 32524 23123 0.9925537109375 0.705657958984375
2_215 -13671 -38 -0.417205810546875 -0.00115966796875
2_216 -29782 4500 -0.90887451171875 0.1373291015625
2_217 -13216 6954 -0.4033203125 0.21221923828125
2_218 -13206 20527 -0.40301513671875 0.626434326171875
2_219 17723 -32114 0.540863037109375 -0.98004150390625
2_220 -23047 -23572 -0.703338623046875 -0.7193603515625
2_221 8461 -20226 0.258209228515625 -0.61724853515625
2_222 26883 10152 0.820404052734375 0.309814453125
2_223 24000 18066 0.732421875 0.55133056640625
2_224 11827 28653 0.360931396484375 0.874420166015625
2_225 -9778 25328 -0.29840087890625 0.77294921875
2_226 -21447 -23927 -0.654510498046875 -0.730194091796875
2_227 -10003 7201 -0.305267333984375 0.219757080078125
2_228 19229 -21115 0.586822509765625 -0.644378662109375
2_229 -2713 7216 -0.082794189453125 0.22021484375
2_230 -13138 -24718 -0.40093994140625 -0.75433349609375
2_231 -27272 -9517 -0.832275390625 -0.290435791015625
2_232 30437 -19100 0.928863525390625 -0.5828857421875
2_233 11888 8881 0.36279296875 0.271026611328125
2_234 -25982 -4043 -0.79290771484375 -0.123382568359375
2_235 27922 -13434 0.85211181640625 -0.40997314453125
2_236 -24528 13535 -0.74853515625 0.413055419921875
2_237 -8078 -16400 -0.24652099609375 -0.50048828125
2_238 -1642 -11862 -0.05010986328125 -0.36199951171875
2_239 -19391 32582 -0.591766357421875 0.99432373046875
2_240 -25574 3356 -0.78045654296875 0.1024169921875
2_241 -6761 -29298 -0.206329345703125 -0.89410400390625
2_242 12424 23312 0.379150390625 0.71142578125
2_243 -15383 28165 -0.469451904296875 0.859527587890625
2_244 16548 20888 0.5050048828125 0.637451171875
2_245 27501 23498 0.839263916015625 0.71710205078125
2_246 12435 14649 0.379486083984375 0.447052001953125
2_247 -18282 -32712 -0.55792236328125 -0.998291015625
2_248 16933 31861 0.516754150390625 0.972320556640625
2_249 21107 -19464 0.644134521484375 -0.593994140625
2_250 -20104 -28681 -0.613525390625 -0.875274658203125
2_251 15593 13987 0.475860595703125 0.426849365234375
2_252 -9797 -26336 -0.298980712890625 -0.8037109375
2_253 -22168 19819 -0.676513671875 0.604827880859375
2_254 23572 -5471 0.7193603515625 -0.166961669921875
2_255 -14918 31735 -0.45526123046875 0.968475341796875
2_256 19928 -10165 0.608154296875 -0.310211181640625
2_257 15004 26509 0.4578857421875 0.808990478515625
2_258 17770 -17760 0.54229736328125 -0.5419921875
2_259 8145 19454 0.248565673828125 0.59368896484375
2_260 -20131 -17853 -0.614349365234375 -0.544830322265625
2_261 -4427 -8173 -0.135101318359375 -0.249420166015625
2_262 -21735 331 -0.663299560546875 0.010101318359375
2_263 -28594 17528 -0.87261962890625 0.534912109375
2_264 -28435 -16619 -0.867767333984375 -0.507171630859375
2_265 -598 2163 -0.01824951171875 0.066009521484375
2_266 14751 26782 0.450164794921875 0.81732177734375
2_267 4625 -7178 0.141143798828125 -0.21905517578125
2_268 -11938 22046 -0.36431884765625 0.67279052734375
2_269 -31767 -19935 -0.969451904296875 -0.608367919921875
2_270 9189 15481 0.280426025390625 0.472442626953125
2_271 27594 -19649 0.84210205078125 -0.599639892578125
2_272 -19086 -26394 -0.58245849609375 -0.80548095703125
2_273 5859 -23239 0.178802490234375 -0.709197998046875
2_274 -1309 27780 -0.039947509765625 0.8477783203125
2_275 -3198 -10726 -0.09759521484375 -0.32733154296875
2_276 -9147 14193 -0.279144287109375 0.433135986328125
2_277 24952 -18037 0.761474609375 -0.550445556640625
2_278 -31901 -803 -0.973541259765625 -0.024505615234375
2_279 -10822 -30581 -0.33026123046875 -0.933258056640625
2_280 3357 -8616 0.102447509765625 -0.262939453125
2_281 -23043 5693 -0.703216552734375 0.173736572265625
2_282 -16591 4653 -0.506317138671875 0.141998291015625
2_283 -24712 -8749 -0.754150390625 -0.266998291015625
2_284 -12167 18780 -0.371307373046875 0.5731201171875
2_285 16603 -20370 0.506683349609375 -0.62164306640625
2_286 -451 5073 -0.013763427734375 0.154815673828125
2_287 -25635 -20791 -0.782318115234375 -0.634490966796875
2_288 10653 10065 0.325103759765625 0.307159423828125
2_289 -5132 -616 -0.1566162109375 -0.018798828125
2_290 4993 13607 0.152374267578125 0.415252685546875
2_291 20258 1369 0.61822509765625 0.041778564453125
2_292 16109 -4489 0.491607666015625 -0.136993408203125
2_293 -28585 -3434 -0.872344970703125 -0.10479736328125
2_294 -18264 5431 -0.557373046875 0.165740966796875
2_295 -1522 31557 -0.04644775390625 0.963043212890625
2_296 25305 -15689 0.772247314453125 -0.478790283203125
2_297 -5901 -11127 -0.180084228515625 -0.339569091796875
2_298 -15662 2627 -0.47796630859375 0.080169677734375
2_299 -26044 -3480 -0.7947998046875 -0.106201171875
2_300 -17866 -26283 -0.54522705078125 -0.802093505859375
2_301 5705 5388 0.174102783203125 0.1644287109375
2_302 2535 7418 0.077362060546875 0.22637939453125
2_303 19718 -15067 0.60174560546875 -0.459808349609375
2_304 -20440 -10238 -0.623779296875 -0.31243896484375
2_305 -30638 28518 -0.93499755859375 0.87030029296875
2_306 -13470 -21171 -0.41107177734375 -0.646087646484375
2_307 21310 3516 0.65032958984375 0.1072998046875
2_308 -31968 -14484 -0.9755859375 -0.4420166015625
2_309 20757 -16211 0.633453369140625 -0.494720458984375
2_310 -8068 14645 -0.2462158203125 0.446929931640625
2_311 14065 -5209 0.429229736328125 -0.158966064453125
2_312 31096 21427 0.948974609375 0.653900146484375
2_313 1961 -24300 0.059844970703125 -0.7415771484375
2_314 22302 -15395 0.68060302734375 -0.469818115234375
2_315 -17554 -16818 -0.53570556640625 -0.51324462890625
2_316 -18513 -16549 -0.564971923828125 -0.505035400390625
2_317 -8036 -26431 -0.2452392578125 -0.806610107421875
2_318 -9198 -5636 -0.28070068359375 -0.1719970703125
2_319 21207 9373 0.647186279296875 0.286041259765625
2_320 17769 8108 0.542266845703125 0.2474365234375
2_321 -31242 -6401 -0.95343017578125 -0.195343017578125
2_322 -5054 -14757 -0.15423583984375 -0.450347900390625
2_323 -13087 12632 -0.399383544921875 0.385498046875
2_324 -30316 -19563 -0.9251708984375 -0.597015380859375
2_325 -31150 13972 -0.95062255859375 0.4263916015625
2_326 -3560 26572 -0.108642578125 0.8109130859375
2_327 -11303 -21451 -0.344940185546875 -0.654632568359375
2_328 26982 26742 0.82342529296875 0.81610107421875
2_329 -6189 18071 -0.188873291015625 0.551483154296875
2_330 19251 -16360 0.587493896484375 -0.499267578125
2_331 -27046 26650 -0.82537841796875 0.81329345703125
2_332 16668 10873 0.5086669921875 0.331817626953125
2_333 -30502 -31977 -0.93084716796875 -0.975860595703125
2_334 -19947 -24166 -0.608734130859375 -0.73748779296875
2_335 -21185 -20735 -0.646514892578125 -0.632781982421875
2_336 8354 -4005 0.25494384765625 -0.122222900390625
2_337 32201 -15019 0.982696533203125 -0.458343505859375
2_338 -20861 -26729 -0.636627197265625 -0.815704345703125
2_339 -6482 -31642 -0.19781494140625 -0.96563720703125
2_340 4494 -13121 0.13714599609375 -0.400421142578125
2_341 -30652 -2171 -0.9354248046875 -0.066253662109375
2_342 32422 9099 0.98944091796875 0.277679443359375
2_343 8289 1858 0.252960205078125 0.05670166015625
2_344 -20713 -20106 -0.632110595703125 -0.61358642578125
2_345 6574 9276 0.20062255859375 0.2830810546875
2_346 25143 12274 0.767303466796875 0.37457275390625
2_347 -15245 -29458 -0.465240478515625 -0.89898681640625
2_348 1020 -1192 0.0311279296875 -0.036376953125
2_349 4055 -29175 0.123748779296875 -0.890350341796875
2_350 20543 22349 0.626922607421875 0.682037353515625
2_351 -12962 9852 -0.39556884765625 0.3006591796875
2_352 30064 20375 0.91748046875 0.621795654296875
2_353 -32738 -14364 -0.99908447265625 -0.4383544921875
2_354 -6347 -2968 -0.193695068359375 -0.090576171875
2_355 28414 8791 0.86712646484375 0.268280029296875
2_356 32142 -12891 0.98089599609375 -0.393402099609375
2_357 29297 27496 0.894073486328125 0.839111328125
2_358 -10612 -12519 -0.3238525390625 -0.382049560546875
2_359 -23639 -15290 -0.721405029296875 -0.46661376953125
2_360 6891 6934 0.210296630859375 0.21160888671875
2_361 25344 -2551 0.7734375 -0.077850341796875
2_362 6121 -24819 0.186798095703125 -0.757415771484375
2_363 -6717 -8689 -0.204986572265625 -0.265167236328125
2_364 9787 22813 0.298675537109375 0.696197509765625
2_365 -16774 -30026 -0.51190185546875 -0.91632080078125
2_366 3485 -29617 0.106353759765625 -0.903839111328125
2_367 20327 11111 0.620330810546875 0.339080810546875
2_368 12848 -23161 0.39208984375 -0.706817626953125
2_369 21035 -11875 0.641937255859375 -0.362396240234375
2_370 803 19356 0.024505615234375 0.5906982421875
2_371 13046 21479 0.39813232421875 0.655487060546875
2_372 13562 25425 0.41387939453125 0.775909423828125
2_373 -10645 -3070 -0.324859619140625 -0.09368896484375
2_374 -25678 29375 -0.78363037109375 0.896453857421875
2_375 169 15919 0.005157470703125 0.485809326171875
2_376 -488 10571 -0.014892578125 0.322601318359375
2_377 20240 -16806 0.61767578125 -0.51287841796875
2_378 29220 10098 0.8917236328125 0.30816650390625
2_379 -2417 -4236 -0.073760986328125 -0.1292724609375
2_380 26210 -8367 0.79986572265625 -0.255340576171875
2_381 -1300 18197 -0.0396728515625 0.555328369140625
2_382 -29497 22932 -0.900177001953125 0.6998291015625
2_383 -22158 -29925 -0.67620849609375 -0.913238525390625
2_384 15214 17683 0.46429443359375 0.539642333984375
2_385 -3963 5343 -0.120941162109375 0.163055419921875
2_386 20189 20392 0.616119384765625 0.622314453125
2_387 -4449 9773 -0.135772705078125 0.298248291015625
2_388 8903 -10369 0.271697998046875 -0.316436767578125
2_389 21381 -23768 0.652496337890625 -0.725341796875
2_390 16592 27362 0.50634765625 0.83502197265625
2_391 3986 2740 0.12164306640625 0.0836181640625
2_392 5273 -13256 0.160919189453125 -0.404541015625
2_393 17310 20556 0.52825927734375 0.6273193359375
2_394 24428 -20910 0.7454833984375 -0.63812255859375
2_395 31217 -18601 0.952667236328125 -0.567657470703125
2_396 -26434 -23365 -0.80670166015625 -0.713043212890625
2_397 17116 13479 0.5223388671875 0.411346435546875
2_398 -24152 -15660 -0.737060546875 -0.4779052734375
2_399 20315 24511 0.619964599609375 0.748016357421875
2_400 -23477 -21243 -0.716461181640625 -0.648284912109375
2_401 -10599 7781 -0.323455810546875 0.237457275390625
2_402 3008 -6169 0.091796875 -0.188262939453125
2_403 20999 -3413 0.640838623046875 -0.104156494140625
2_404 -11997 -27652 -0.366119384765625 -0.8438720703125
2_405 -27756 -3599 -0.8470458984375 -0.109832763671875
2_406 -2634 32649 -0.08038330078125 0.996368408203125
2_407 -21469 -19803 -0.655181884765625 -0.604339599609375
2_408 -21485 11735 -0.655670166015625 0.358123779296875
2_409 -25887 -1227 -0.790008544921875 -0.037445068359375
2_410 8826 -22075 0.26934814453125 -0.673675537109375
2_411 -1682 16073 -0.05133056640625 0.490509033203125
2_412 392 23367 0.011962890625 0.713104248046875
2_413 -13646 20517 -0.41644287109375 0.626129150390625
2_414 -7097 -19832 -0.216583251953125 -0.605224609375
2_415 -13413 -32478 -0.409332275390625 -0.99114990234375
2_416 25580 557 0.7806396484375 0.016998291015625
2_417 -29916 16699 -0.9129638671875 0.509613037109375
2_418 -11776 -5407 -0.359375 -0.165008544921875
2_419 -25769 22630 -0.786407470703125 0.69061279296875
2_420 -24033 -243 -0.733428955078125 -0.007415771484375
2_421 11426 -1817 0.34869384765625 -0.055450439453125
2_422 -32618 -6944 -0.99542236328125 -0.2119140625
2_423 -18173 -1219 -0.554595947265625 -0.037200927734375
2_424 -30784 -1898 -0.939453125 -0.05792236328125
2_425 17021 -10477 0.519439697265625 -0.319732666015625
2_426 19138 -4205 0.58404541015625 -0.128326416015625
2_427 22934 838 0.69989013671875 0.02557373046875
2_428 3092 2282 0.0943603515625 0.06964111328125
2_429 16842 -13770 0.51397705078125 -0.42022705078125
2_430 28819 7916 0.879486083984375 0.2415771484375
2_431 19745 -14718 0.602569580078125 -0.44915771484375
2_432 2012 17025 0.0614013671875 0.519561767578125
2_433 -3663 -7252 -0.111785888671875 -0.2213134765625
2_434 -16460 8589 -0.5023193359375 0.262115478515625
2_435 17897 9715 0.546173095703125 0.296478271484375
2_436 -23205 12492 -0.708160400390625 0.3812255859375
2_437 -6225 -22214 -0.189971923828125 -0.67791748046875
2_438 -31664 -23369 -0.96630859375 -0.713165283203125
2_439 -10209 16504 -0.311553955078125 0.503662109375
2_440 346 -26886 0.01055908203125 -0.82049560546875
2_441 24448 12795 0.74609375 0.390472412109375
2_442 -17921 3312 -0.546905517578125 0.10107421875
2_443 -31847 -30400 -0.971893310546875 -0.927734375
2_444 -8457 -9859 -0.258087158203125 -0.300872802734375
2_445 15282 -3808 0.46636962890625 -0.1162109375
2_446 21294 -10235 0.64984130859375 -0.312347412109375
2_447 10796 -26264 0.3294677734375 -0.801513671875
2_448 -7298 -20162 -0.22271728515625 -0.61529541015625
2_449 -7921 11575 -0.241729736328125 0.353240966796875
2_450 -2849 5004 -0.086944580078125 0.1527099609375
2_451 20075 -19319 0.612640380859375 -0.589569091796875
2_452 -30036 398 -0.9166259765625 0.01214599609375
2_453 -5021 -30990 -0.153228759765625 -0.94573974609375
2_454 -19527 -3835 -0.595916748046875 -0.117034912109375
2_455 22528 24670 0.6875 0.75286865234375
2_456 -6394 -5054 -0.19512939453125 -0.15423583984375
2_457 30555 -24941 0.932464599609375 -0.761138916015625
2_458 14014 -22722 0.42767333984375 -0.69342041015625
2_459 -7194 -24646 -0.21954345703125 -0.75213623046875
2_460 19761 -30297 0.603057861328125 -0.924591064453125
2_461 -16800 -9350 -0.5126953125 -0.28533935546875
2_462 9013 32415 0.275054931640625 0.989227294921875
2_463 -10201 22901 -0.311309814453125 0.698883056640625
2_464 15475 -1009 0.472259521484375 -0.030792236328125
2_465 32461 -27262 0.990631103515625 -0.83197021484375
2_466 -9093 7284 -0.277496337890625 0.2222900390625
2_467 -29711 13336 -0.906707763671875 0.406982421875
2_468 12745 -3776 0.388946533203125 -0.115234375
2_469 20945 25634 0.639190673828125 0.78228759765625
2_470 29158 -8340 0.88983154296875 -0.2545166015625
2_471 -10712 -18595 -0.326904296875 -0.567474365234375
2_472 -27076 1547 -0.8262939453125 0.047210693359375
2_473 -25126 9084 -0.76678466796875 0.2772216796875
2_474 3048 26068 0.093017578125 0.7955322265625
2_475 15807 -11053 0.482391357421875 -0.337310791015625
2_476 -23461 -5448 -0.715972900390625 -0.166259765625
2_477 30062 21469 0.91741943359375 0.655181884765625
2_478 18696 9295 0.570556640625 0.283660888671875
2_479 -10112 4405 -0.30859375 0.134429931640625
2_480 -3068 -26329 -0.0936279296875 -0.803497314453125
2_481 -8266 -11192 -0.25225830078125 -0.341552734375
2_482 -15745 18955 -0.480499267578125 0.578460693359375
2_483 -25068 26708 -0.7650146484375 0.8150634765625
2_484 22260 26576 0.6793212890625 0.81103515625
2_485 -27608 -25323 -0.842529296875 -0.772796630859375
2_486 24440 3511 0.745849609375 0.107147216796875
2_487 5738 -21099 0.17510986328125 -0.643890380859375
2_488 -11342 18156 -0.34613037109375 0.5540771484375
2_489 10273 3017 0.313507080078125 0.092071533203125
2_490 13639 -6981 0.416229248046875 -0.213043212890625
2_491 21464 -25766 0.655029296875 -0.78631591796875
2_492 -10293 -113 -0.314117431640625 -0.003448486328125
2_493 2643 -31337 0.080657958984375 -0.956329345703125
2_494 29209 5242 0.891387939453125 0.15997314453125
2_495 6789 -1039 0.207183837890625 -0.031707763671875
2_496 11661 -8595 0.355865478515625 -0.262298583984375
2_497 27974 -19890 0.85369873046875 -0.60699462890625
2_498 14062 -31857 0.42913818359375 -0.972198486328125
2_499 -4089 22222 -0.124786376953125 0.67816162109375
2_500 -9051 -12664 -0.276214599609375 -0.386474609375
2_501 28532 21897 0.8707275390625 0.668243408203125
2_502 21732 -20639 0.6632080078125 -0.629852294921875
2_503 -28860 21804 -0.8807373046875 0.6654052734375
2_504 -8124 -30177 -0.2479248046875 -0.920928955078125
2_505 25767 -10131 0.786346435546875 -0.309173583984375
2_506 -26344 12404 -0.803955078125 0.3785400390625
2_507 -6675 -24221 -0.203704833984375 -0.739166259765625
2_508 -30525 12925 -0.931549072265625 0.394439697265625
2_509 8604 -5538 0.2625732421875 -0.16900634765625
2_510 -20045 18000 -0.611724853515625 0.54931640625
2_511 21051 23681 0.642425537109375 0.722686767578125
# === Iteration 4 ===
3_0 29160 20884 0.889892578125 0.6373291015625
3_1 -28632 15189 -0.873779296875 0.463531494140625
3_2 -16928 31219 -0.5166015625 0.952728271484375
3_3 20664 26110 0.630615234375 0.79681396484375
3_4 12850 629 0.39215087890625 0.019195556640625
3_5 -24747 14039 -0.755218505859375 0.428436279296875
3_6 18877 -31725 0.576080322265625 -0.968170166015625
3_7 11066 -26208 0.33770751953125 -0.7998046875
3_8 19169 -16356 0.584991455078125 -0.4991455078125
3_9 -10198 -11598 -0.31121826171875 -0.35394287109375
3_10 -12657 19124 -0.386260986328125 0.5836181640625
3_11 -31903 -10283 -0.973602294921875 -0.313812255859375
3_12 27546 9252 0.84063720703125 0.2823486328125
3_13 32041 -1794 0.977813720703125 -0.05474853515625
3_14 -12604 -2094 -0.3846435546875 -0.06390380859375
3_15 -15300 9501 -0.4669189453125 0.289947509765625
3_16 -12333 -20155 -0.376373291015625 -0.615081787109375
3_17 8113 -12021 0.247589111328125 -0.366851806640625
3_18 19592 -7903 0.597900390625 -0.241180419921875
3_19 -24604 27998 -0.7508544921875 0.85443115234375
3_20 22395 -24633 0.683441162109375 -0.751739501953125
3_21 952 12077 0.029052734375 0.368560791015625
3_22 -22274 14119 -0.67974853515625 0.430877685546875
3_23 -16593 -32742 -0.506378173828125 -0.99920654296875
3_24 -139 -31678 -0.004241943359375 -0.96673583984375
3_25 32686 -16473 0.99749755859375 -0.502716064453125
3_26 -3740 14382 -0.1141357421875 0.43890380859375
3_27 -19758 -21764 -0.60296630859375 -0.6641845703125
3_28 -30237 -27816 -0.922760009765625 -0.848876953125
3_29 -15515 5393 -0.473480224609375 0.164581298828125
3_30 16040 -3626 0.489501953125 -0.11065673828125
3_31 1676 -4045 0.0511474609375 -0.123443603515625
3_32 31071 14139 0.948211669921875 0.431488037109375
3_33 5715 -24837 0.174407958984375 -0.757965087890625
3_34 4932 29251 0.1505126953125 0.892669677734375
3_35 4146 13940 0.12652587890625 0.4254150390625
3_36 -621 -22991 -0.018951416015625 -0.701629638671875
3_37 -21867 -20037 -0.667327880859375 -0.611480712890625
3_38 -28074 -22484 -0.85675048828125 -0.6861572265625
3_39 -19007 -1859 -0.580047607421875 -0.056732177734375
3_40 4815 11125 0.146942138671875 0.339508056640625
3_41 -26759 13459 -0.816619873046875 0.410736083984375
3_42 602 5966 0.01837158203125 0.18206787109375
3_43 -4423 -5088 -0.134979248046875 -0.1552734375
3_44 -7781 -8697 -0.237457275390625 -0.265411376953125
3_45 27521 16299 0.839874267578125 0.497406005859375
3_46 19698 -2813 0.60113525390625 -0.085845947265625
3_47 13943 -13773 0.425506591796875 -0.420318603515625
3_48 24152 -27798 0.737060546875 -0.84832763671875
3_49 2848 -4219 0.0869140625 -0.128753662109375
3_50 5281 14074 0.161163330078125 0.42950439453125
3_51 32337 -4373 0.986846923828125 -0.133453369140625
3_52 17514 -2479 0.53448486328125 -0.075653076171875
3_53 16035 -2073 0.489349365234375 -0.063262939453125
3_54 -30608 -25500 -0.93408203125 -0.7781982421875
3_55 28576 -16132 0.8720703125 -0.4923095703125
3_56 -13424 -13378 -0.40966796875 -0.40826416015625
3_57 26372 3176 0.8048095703125 0.096923828125
3_58 21709 -16384 0.662506103515625 -0.5
3_59 -2305 -5103 -0.070343017578125 -0.155731201171875
3_60 -7856 -25836 -0.23974609375 -0.7884521484375
3_61 20139 2321 0.614593505859375 0.070831298828125
3_62 -4042 -12328 -0.12335205078125 -0.376220703125
3_63 9065 19558 0.276641845703125 0.59686279296875
3_64 17324 8220 0.5286865234375 0.2508544921875
3_65 -4033 -7734 -0.123077392578125 -0.23602294921875
3_66 2411 -25174 0.073577880859375 -0.76824951171875
3_67 23821 2975 0.726959228515625 0.090789794921875
3_68 -27272 10251 -0.832275390625 0.312835693359375
3_69 23319 -15488 0.711639404296875 -0.47265625
3_70 3132 22860 0.0955810546875 0.6976318359375
3_71 -10004 -10518 -0.3052978515625 -0.32098388671875
3_72 26641 -17165 0.813018798828125 -0.523834228515625
3_73 -28159 32307 -0.859344482421875 0.985931396484375
3_74 -30406 27759 -0.92791748046875 0.847137451171875
3_75 -2151 18108 -0.065643310546875 0.5526123046875
3_76 16718 -12994 0.51019287109375 -0.39654541015625
3_77 24141 17254 0.736724853515625 0.52655029296875
3_78 -13355 -25172 -0.407562255859375 -0.7681884765625
3_79 -4407 -30533 -0.134490966796875 -0.931793212890625
3_80 -10278 -12519 -0.31365966796875 -0.382049560546875
3_81 -27036 161 -0.8250732421875 0.004913330078125
3_82 4530 -10569 0.13824462890625 -0.322540283203125
3_83 -18837 7345 -0.574859619140625 0.224151611328125
3_84 7013 14832 0.214019775390625 0.45263671875
3_85 17501 8686 0.534088134765625 0.26507568359375
3_86 -23237 -22506 -0.709136962890625 -0.68682861328125
3_87 -19576 -629 -0.597412109375 -0.019195556640625
3_88 8529 4692 0.260284423828125 0.1431884765625
3_89 28234 21649 0.86163330078125 0.660675048828125
3_90 -27450 -5433 -0.83770751953125 -0.165802001953125
3_91 1061 -8260 0.032379150390625 -0.2520751953125
3_92 -17979 12030 -0.548675537109375 0.36712646484375
3_93 -189 -2460 -0.005767822265625 -0.0750732421875
3_94 -8509 -20815 -0.259674072265625 -0.635223388671875
3_95 -24366 18080 -0.74359130859375 0.5517578125
3_96 17498 20419 0.53399658203125 0.623138427734375
3_97 30034 14983 0.91656494140625 0.457244873046875
3_98 -19755 -1336 -0.602874755859375 -0.040771484375
3_99 -15932 4764 -0.4862060546875 0.1453857421875
3_100 22197 -26213 0.677398681640625 -0.799957275390625
3_101 -31280 -20381 -0.95458984375 -0.621978759765625
3_102 -10549 -15822 -0.321929931640625 -0.48284912109375
3_103 5758 -11737 0.17572021484375 -0.358184814453125
3_104 -5415 -29394 -0.165252685546875 -0.89703369140625
3_105 -8477 -14818 -0.258697509765625 -0.45220947265625
3_106 21967 -10247 0.670379638671875 -0.312713623046875
3_107 26748 -28690 0.8162841796875 -0.87554931640625
3_108 5623 5999 0.171600341796875 0.183074951171875
3_109 -30186 5125 -0.92120361328125 0.156402587890625
3_110 24407 -26378 0.744842529296875 -0.80499267578125
3_111 12911 4301 0.394012451171875 0.131256103515625
3_112 -17404 -4549 -0.5311279296875 -0.138824462890625
3_113 14666 -17771 0.44757080078125 -0.542327880859375
3_114 -23920 31238 -0.72998046875 0.95330810546875
3_115 -28962 29763 -0.88385009765625 0.908294677734375
3_116 20338 1307 0.62066650390625 0.039886474609375
3_117 -2954 -7918 -0.09014892578125 -0.24163818359375
3_118 -32150 -22834 -0.98114013671875 -0.69683837890625
3_119 -23985 -3428 -0.731964111328125 -0.1046142578125
3_120 28589 -30592 0.872467041015625 -0.93359375
3_121 13294 28392 0.40570068359375 0.866455078125
3_122 13680 25468 0.41748046875 0.7772216796875
3_123 20055 1025 0.612030029296875 0.031280517578125
3_124 9310 30759 0.28411865234375 0.938690185546875
3_125 28727 28221 0.876678466796875 0.861236572265625
3_126 17421 -3482 0.531646728515625 -0.10626220703125
3_127 -29678 -27621 -0.90570068359375 -0.842926025390625
3_128 -31104 -21629 -0.94921875 -0.660064697265625
3_129 -27248 8812 -0.83154296875 0.2689208984375
3_130 -8447 21606 -0.257781982421875 0.65936279296875
3_131 17925 1541 0.547027587890625 0.047027587890625
3_132 -7213 -15028 -0.220123291015625 -0.4586181640625
3_133 -26951 -16036 -0.822479248046875 -0.4893798828125
3_134 14088 22869 0.429931640625 0.697906494140625
3_135 -5546 -19279 -0.16925048828125 -0.588348388671875
3_136 -13261 23960 -0.404693603515625 0.731201171875
3_137 -28757 -5404 -0.877593994140625 -0.1649169921875
3_138 22027 7182 0.672210693359375 0.21917724609375
3_139 14302 19464 0.43646240234375 0.593994140625
3_140 986 29731 0.03009033203125 0.907318115234375
3_141 -31176 28072 -0.951416015625 0.856689453125
3_142 -1704 13262 -0.052001953125 0.40472412109375
3_143 -1647 -12462 -0.050262451171875 -0.38031005859375
3_144 2219 3745 0.067718505859375 0.114288330078125
3_145 -9252 -23252 -0.2823486328125 -0.7095947265625
3_146 -27724 -25887 -0.8460693359375 -0.790008544921875
3_147 32039 25037 0.977752685546875 0.764068603515625
3_148 -19478 -16065 -0.59442138671875 -0.490264892578125
3_149 -3805 -16125 -0.116119384765625 -0.492095947265625
3_150 -4787 -30475 -0.146087646484375 -0.930023193359375
3_151 -27879 -4505 -0.850799560546875 -0.137481689453125
3_152 -31463 -15943 -0.960174560546875 -0.486541748046875
3_153 20588 -28327 0.6282958984375 -0.864471435546875
3_154 -12582 17784 -0.38397216796875 0.542724609375
3_155 -12471 -25588 -0.380584716796875 -0.7808837890625
3_156 19930 4001 0.60821533203125 0.122100830078125
3_157 -3321 2364 -0.101348876953125 0.0721435546875
3_158 -15257 17629 -0.465606689453125 0.537994384765625
3_159 -27908 -27648 -0.8516845703125 -0.84375
3_160 18946 11965 0.57818603515625 0.365142822265625
3_161 -10021 -31900 -0.305816650390625 -0.9735107421875
3_162 19372 -17985 0.5911865234375 -0.548858642578125
3_163 8686 39 0.26507568359375 0.001190185546875
3_164 10827 -5478 0.330413818359375 -0.16717529296875
3_165 14355 -1442 0.438079833984375 -0.04400634765625
3_166 -20254 8480 -0.61810302734375 0.2587890625
3_167 -23125 20297 -0.705718994140625 0.619415283203125
3_168 15174 -25412 0.46307373046875 -0.7755126953125
3_169 -109 -11943 -0.003326416015625 -0.364471435546875
3_170 29807 14157 0.909637451171875 0.432037353515625
3_171 -29830 -16992 -0.91033935546875 -0.5185546875
3_172 -25214 30983 -0.76947021484375 0.945526123046875
3_173 17447 32509 0.532440185546875 0.992095947265625
3_174 21234 12583 0.64801025390625 0.384002685546875
3_175 6780 -10172 0.2069091796875 -0.3104248046875
3_176 30479 30280 0.930145263671875 0.924072265625
3_177 30115 26629 0.919036865234375 0.812652587890625
3_178 -3982 3026 -0.12152099609375 0.09234619140625
3_179 30934 12881 0.94403076171875 0.393096923828125
3_180 8632 -32006 0.263427734375 -0.97674560546875
3_181 -6531 31626 -0.199310302734375 0.96514892578125
3_182 -18755 17164 -0.572357177734375 0.5238037109375
3_183 -26624 -13629 -0.8125 -0.415924072265625
3_184 -25409 -10064 -0.775421142578125 -0.30712890625
3_185 17804 -20688 0.5433349609375 -0.63134765625
3_186 -20924 17585 -0.6385498046875 0.536651611328125
3_187 -22127 -19856 -0.675262451171875 -0.60595703125
3_188 -3108 27329 -0.0948486328125 0.834014892578125
3_189 9961 19884 0.303985595703125 0.6068115234375
3_190 -2049 -31194 -0.062530517578125 -0.95196533203125
3_191 -12502 22952 -0.38153076171875 0.700439453125
3_192 -7987 -24806 -0.243743896484375 -0.75701904296875
3_193 -25040 9810 -0.76416015625 0.29937744140625
3_194 5653 14012 0.172515869140625 0.4276123046875
3_195 -20146 -29364 -0.61480712890625 -0.8961181640625
3_196 -22581 -17835 -0.689117431640625 -0.544281005859375
3_197 14753 4251 0.450225830078125 0.129730224609375
3_198 24682 10295 0.75323486328125 0.314178466796875
3_199 -30131 -27794 -0.919525146484375 -0.84820556640625
3_200 4757 -21888 0.145172119140625 -0.66796875
3_201 25284 -7466 0.7716064453125 -0.22784423828125
3_202 -9913 -21228 -0.302520751953125 -0.6478271484375
3_203 -1137 2006 -0.034698486328125 0.06121826171875
3_204 30972 9768 0.9451904296875 0.298095703125
3_205 18089 -4227 0.552032470703125 -0.128997802734375
3_206 5555 -9668 0.169525146484375 -0.2950439453125
3_207 -19222 4333 -0.58660888671875 0.132232666015625
3_208 -1765 26518 -0.053863525390625 0.80926513671875
3_209 -4895 22741 -0.149383544921875 0.694000244140625
3_210 5183 -12241 0.158172607421875 -0.373565673828125
3_211 -28980 17901 -0.8843994140625 0.546295166015625
3_212 23710 9820 0.72357177734375 0.2996826171875
3_213 4548 3790 0.1387939453125 0.11566162109375
3_214 -21416 28136 -0.653564453125 0.858642578125
3_215 14682 10087 0.44805908203125 0.307830810546875
3_216 -21558 -11376 -0.65789794921875 -0.34716796875
3_217 -21082 5985 -0.64337158203125 0.182647705078125
3_218 -18594 5628 -0.56744384765625 0.1717529296875
3_219 3046 23402 0.09295654296875 0.71417236328125
3_220 6700 -30882 0.2044677734375 -0.94244384765625
3_221 -12282 -10811 -0.37481689453125 -0.329925537109375
3_222 13335 -841 0.406951904296875 -0.025665283203125
3_223 -11964 -2338 -0.3651123046875 -0.07135009765625
3_224 -13284 -32563 -0.4053955078125 -0.993743896484375
3_225 -25876 24908 -0.7896728515625 0.7601318359375
3_226 27704 -13262 0.845458984375 -0.40472412109375
3_227 -22808 -525 -0.696044921875 -0.016021728515625
3_228 -4235 -27938 -0.129241943359375 -0.85260009765625
3_229 -18451 -24385 -0.563079833984375 -0.744171142578125
3_230 -27875 18865 -0.850677490234375 0.575714111328125
3_231 9702 -4705 0.29608154296875 -0.143585205078125
3_232 -15042 23652 -0.45904541015625 0.7218017578125
3_233 -27245 -13448 -0.831451416015625 -0.410400390625
3_234 27637 3519 0.843414306640625 0.107391357421875
3_235 5660 -28525 0.1727294921875 -0.870513916015625
3_236 -31465 -19914 -0.960235595703125 -0.60772705078125
3_237 6428 9647 0.1961669921875 0.294403076171875
3_238 17635 20174 0.538177490234375 0.61566162109375
3_239 -8899 -26075 -0.271575927734375 -0.795745849609375
3_240 30375 13725 0.926971435546875 0.418853759765625
3_241 13787 18851 0.420745849609375 0.575286865234375
3_242 -1039 13407 -0.031707763671875 0.409149169921875
3_243 -19335 -32236 -0.590057373046875 -0.9837646484375
3_244 14445 -21719 0.440826416015625 -0.662811279296875
3_245 2205 5011 0.067291259765625 0.152923583984375
3_246 -11834 9972 -0.36114501953125 0.3043212890625
3_247 28918 -7123 0.88250732421875 -0.217376708984375
3_248 -4452 18495 -0.1358642578125 0.564422607421875
3_249 -21796 21187 -0.6651611328125 0.646575927734375
3_250 -31355 5965 -0.956878662109375 0.182037353515625
3_251 21600 14109 0.6591796875 0.430572509765625
3_252 -13 -10223 -3.96728515625E-4 -0.311981201171875
3_253 -4417 -18965 -0.134796142578125 -0.578765869140625
3_254 -27574 -14934 -0.84149169921875 -0.45574951171875
3_255 -5066 1562 -0.15460205078125 0.04766845703125
3_256 6577 19156 0.200714111328125 0.5845947265625
3_257 -26105 1500 -0.796661376953125 0.0457763671875
3_258 32272 -22490 0.98486328125 -0.68634033203125
3_259 32685 -1771 0.997467041015625 -0.054046630859375
3_260 28446 -918 0.86810302734375 -0.02801513671875
3_261 -31865 -23245 -0.972442626953125 -0.709381103515625
3_262 -24292 11615 -0.7413330078125 0.354461669921875
3_263 -4807 -8291 -0.146697998046875 -0.253021240234375
3_264 -29636 -15932 -0.9044189453125 -0.4862060546875
3_265 11200 30815 0.341796875 0.940399169921875
3_266 -27612 -16663 -0.8426513671875 -0.508514404296875
3_267 8739 -23865 0.266693115234375 -0.728302001953125
3_268 -24921 -26941 -0.760528564453125 -0.822174072265625
3_269 1715 -12956 0.052337646484375 -0.3953857421875
3_270 -6464 5474 -0.197265625 0.16705322265625
3_271 -30784 31383 -0.939453125 0.957733154296875
3_272 -13643 -26538 -0.416351318359375 -0.80987548828125
3_273 -19953 -26869 -0.608917236328125 -0.819976806640625
3_274 -10503 9748 -0.320526123046875 0.2974853515625
3_275 -9439 980 -0.288055419921875 0.0299072265625
3_276 -437 -12013 -0.013336181640625 -0.366607666015625
3_277 -16305 21367 -0.497589111328125 0.652069091796875
3_278 -9740 12403 -0.2972412109375 0.378509521484375
3_279 -6822 -9398 -0.20819091796875 -0.28680419921875
3_280 -18923 16540 -0.577484130859375 0.5047607421875
3_281 -27040 16976 -0.8251953125 0.51806640625
3_282 -13049 14324 -0.398223876953125 0.4371337890625
3_283 29622 13271 0.90399169921875 0.404998779296875
3_284 21757 28788 0.663970947265625 0.8785400390625
3_285 5864 8942 0.178955078125 0.27288818359375
3_286 17353 -31487 0.529571533203125 -0.960906982421875
3_287 -16263 29896 -0.496307373046875 0.912353515625
3_288 286 -9416 0.00872802734375 -0.287353515625
3_289 31575 -28864 0.963592529296875 -0.880859375
3_290 -20775 -25076 -0.634002685546875 -0.7652587890625
3_291 13824 20066 0.421875 0.61236572265625
3_292 29836 25917 0.9105224609375 0.790924072265625
3_293 -14270 11357 -0.43548583984375 0.346588134765625
3_294 1650 -30715 0.05035400390625 -0.937347412109375
3_295 5985 -9560 0.182647705078125 -0.291748046875
3_296 -11358 10259 -0.34661865234375 0.313079833984375
3_297 -16452 22002 -0.5020751953125 0.67144775390625
3_298 15122 937 0.46148681640625 0.028594970703125
3_299 8932 20652 0.2725830078125 0.6302490234375
3_300 26050 -9084 0.79498291015625 -0.2772216796875
3_301 4532 -25093 0.1383056640625 -0.765777587890625
3_302 -4673 -5243 -0.142608642578125 -0.160003662109375
3_303 -19481 -30466 -0.594512939453125 -0.92974853515625
3_304 178 16616 0.00543212890625 0.507080078125
3_305 -12421 30334 -0.379058837890625 0.92572021484375
3_306 -10068 -13166 -0.3072509765625 -0.40179443359375
3_307 17176 4624 0.524169921875 0.14111328125
3_308 4595 -3068 0.140228271484375 -0.0936279296875
3_309 -10996 -24778 -0.3355712890625 -0.75616455078125
3_310 -8105 20925 -0.247344970703125 0.638580322265625
3_311 25864 -9319 0.789306640625 -0.284393310546875
3_312 29902 24256 0.91253662109375 0.740234375
3_313 -4177 32106 -0.127471923828125 0.97979736328125
3_314 -928 8418 -0.0283203125 0.25689697265625
3_315 -28539 -28595 -0.870941162109375 -0.872650146484375
3_316 -20742 29031 -0.63299560546875 0.885955810546875
3_317 1803 22603 0.055023193359375 0.689788818359375
3_318 1694 21988 0.05169677734375 0.6710205078125
3_319 1871 -29311 0.057098388671875 -0.894500732421875
3_320 -16131 11083 -0.492279052734375 0.338226318359375
3_321 29391 -28502 0.896942138671875 -0.86981201171875
3_322 1613 -8443 0.049224853515625 -0.257659912109375
3_323 13559 2180 0.413787841796875 0.0665283203125
3_324 29371 7664 0.896331787109375 0.23388671875
3_325 -2953 20190 -0.090118408203125 0.61614990234375
3_326 -17330 -25698 -0.52886962890625 -0.78424072265625
3_327 -18155 22976 -0.554046630859375 0.701171875
3_328 -6176 24353 -0.1884765625 0.743194580078125
3_329 -32284 -12774 -0.9852294921875 -0.38983154296875
3_330 3275 17623 0.099945068359375 0.537811279296875
3_331 6947 -27135 0.212005615234375 -0.828094482421875
3_332 21251 -22641 0.648529052734375 -0.690948486328125
3_333 10940 24735 0.3338623046875 0.754852294921875
3_334 25036 -10741 0.7640380859375 -0.327789306640625
3_335 -10351 -27037 -0.315887451171875 -0.825103759765625
3_336 -11849 -21022 -0.361602783203125 -0.64154052734375
3_337 -6185 -31616 -0.188751220703125 -0.96484375
3_338 18811 24808 0.574066162109375 0.757080078125
3_339 3843 20423 0.117279052734375 0.623260498046875
3_340 -10512 10324 -0.32080078125 0.3150634765625
3_341 4389 -6936 0.133941650390625 -0.211669921875
3_342 25133 -2175 0.766998291015625 -0.066375732421875
3_343 -24135 -7471 -0.736541748046875 -0.227996826171875
3_344 3166 16705 0.09661865234375 0.509796142578125
3_345 -29740 -4078 -0.9075927734375 -0.12445068359375
3_346 7548 -25372 0.2303466796875 -0.7742919921875
3_347 -5496 7643 -0.167724609375 0.233245849609375
3_348 16063 -19127 0.490203857421875 -0.583709716796875
3_349 32680 -16790 0.997314453125 -0.51239013671875
3_350 744 -1310 0.022705078125 -0.03997802734375
3_351 -25087 16977 -0.765594482421875 0.518096923828125
3_352 -17356 17386 -0.5296630859375 0.53057861328125
3_353 -30784 25473 -0.939453125 0.777374267578125
3_354 -7707 -3553 -0.235198974609375 -0.108428955078125
3_355 -29801 -16549 -0.909454345703125 -0.505035400390625
3_356 -30951 -27217 -0.944549560546875 -0.830596923828125
3_357 -8122 26068 -0.24786376953125 0.7955322265625
3_358 -11703 -2148 -0.357147216796875 -0.0655517578125
3_359 8164 15333 0.2491455078125 0.467926025390625
3_360 -7423 15703 -0.226531982421875 0.479217529296875
3_361 1985 1668 0.060577392578125 0.0509033203125
3_362 -1685 -26297 -0.051422119140625 -0.802520751953125
3_363 -28572 -17840 -0.8719482421875 -0.54443359375
3_364 3269 926 0.099761962890625 0.02825927734375
3_365 -22530 13958 -0.68756103515625 0.42596435546875
3_366 -13940 29005 -0.4254150390625 0.885162353515625
3_367 -30140 -10141 -0.9197998046875 -0.309478759765625
3_368 25032 16254 0.763916015625 0.49603271484375
3_369 24539 -27926 0.748870849609375 -0.85223388671875
3_370 -10185 17973 -0.310821533203125 0.548492431640625
3_371 5913 11852 0.180450439453125 0.3616943359375
3_372 -10782 -26865 -0.32904052734375 -0.819854736328125
3_373 13398 -31168 0.40887451171875 -0.951171875
3_374 30648 5123 0.935302734375 0.156341552734375
3_375 11169 -26677 0.340850830078125 -0.814117431640625
3_376 23189 10092 0.707672119140625 0.3079833984375
3_377 1193 -18126 0.036407470703125 -0.55316162109375
3_378 -2315 16614 -0.070648193359375 0.50701904296875
3_379 -548 -15673 -0.0167236328125 -0.478302001953125
3_380 -14974 -17349 -0.45697021484375 -0.529449462890625
3_381 23156 20705 0.7066650390625 0.631866455078125
3_382 -13793 20015 -0.420928955078125 0.610809326171875
3_383 -11997 -18703 -0.366119384765625 -0.570770263671875
3_384 -10443 29115 -0.318695068359375 0.888519287109375
3_385 21528 5537 0.656982421875 0.168975830078125
3_386 -6628 -4967 -0.2022705078125 -0.151580810546875
3_387 24600 10817 0.750732421875 0.330108642578125
3_388 16071 -10636 0.490447998046875 -0.3245849609375
3_389 13523 -32487 0.412689208984375 -0.991424560546875
3_390 18338 31016 0.55963134765625 0.946533203125
3_391 28020 24154 0.8551025390625 0.73712158203125
3_392 -9748 25592 -0.2974853515625 0.781005859375
3_393 23369 -8477 0.713165283203125 -0.258697509765625
3_394 -2468 -29171 -0.0753173828125 -0.890228271484375
3_395 20012 -3285 0.6107177734375 -0.100250244140625
3_396 -918 -4019 -0.02801513671875 -0.122650146484375
3_397 -895 7987 -0.027313232421875 0.243743896484375
3_398 -11366 -32406 -0.34686279296875 -0.98895263671875
3_399 28784 -27802 0.87841796875 -0.84844970703125
3_400 15636 -29728 0.4771728515625 -0.9072265625
3_401 1660 -18646 0.0506591796875 -0.56903076171875
3_402 11088 25062 0.33837890625 0.76483154296875
3_403 -926 -24689 -0.02825927734375 -0.753448486328125
3_404 8636 6706 0.2635498046875 0.20465087890625
3_405 -1285 -4401 -0.039215087890625 -0.134307861328125
3_406 19844 16224 0.6055908203125 0.4951171875
3_407 -21331 1217 -0.650970458984375 0.037139892578125
3_408 1727 -10870 0.052703857421875 -0.33172607421875
3_409 26642 18645 0.81304931640625 0.569000244140625
3_410 27991 21556 0.854217529296875 0.6578369140625
3_411 -6594 15487 -0.20123291015625 0.472625732421875
3_412 -13796 -10141 -0.4210205078125 -0.309478759765625
3_413 -7784 17584 -0.237548828125 0.53662109375
3_414 -23981 -3612 -0.731842041015625 -0.1102294921875
3_415 -6189 2830 -0.188873291015625 0.08636474609375
3_416 5437 -18064 0.165924072265625 -0.55126953125
3_417 930 -26727 0.02838134765625 -0.815643310546875
3_418 12200 -5601 0.372314453125 -0.170928955078125
3_419 -23774 -3512 -0.72552490234375 -0.107177734375
3_420 -25638 16720 -0.78240966796875 0.51025390625
3_421 4998 7556 0.15252685546875 0.2305908203125
3_422 9343 -29856 0.285125732421875 -0.9111328125
3_423 29383 30430 0.896697998046875 0.92864990234375
3_424 18850 17251 0.57525634765625 0.526458740234375
3_425 18979 12078 0.579193115234375 0.36859130859375
3_426 -104 11963 -0.003173828125 0.365081787109375
3_427 26947 18028 0.822357177734375 0.5501708984375
3_428 9108 -21161 0.2779541015625 -0.645782470703125
3_429 -20639 -16713 -0.629852294921875 -0.510040283203125
3_430 16327 -15736 0.498260498046875 -0.480224609375
3_431 26286 1258 0.80218505859375 0.03839111328125
3_432 -27339 -3242 -0.834320068359375 -0.09893798828125
3_433 -19412 -26495 -0.5924072265625 -0.808563232421875
3_434 -19944 -19466 -0.608642578125 -0.59405517578125
3_435 31734 2132 0.96844482421875 0.0650634765625
3_436 -763 6382 -0.023284912109375 0.19476318359375
3_437 25946 27201 0.79180908203125 0.830108642578125
3_438 -8798 6087 -0.26849365234375 0.185760498046875
3_439 25537 -28276 0.779327392578125 -0.8629150390625
3_440 -28957 -18146 -0.883697509765625 -0.55377197265625
3_441 10051 -16788 0.306732177734375 -0.5123291015625
3_442 9307 -1868 0.284027099609375 -0.0570068359375
3_443 591 8663 0.018035888671875 0.264373779296875
3_444 3659 -26073 0.111663818359375 -0.795684814453125
3_445 26355 -4475 0.804290771484375 -0.136566162109375
3_446 3944 16453 0.120361328125 0.502105712890625
3_447 -4363 25730 -0.133148193359375 0.78521728515625
3_448 30100 -29691 0.9185791015625 -0.906097412109375
3_449 -27835 10988 -0.849456787109375 0.3353271484375
3_450 -15167 -15093 -0.462860107421875 -0.460601806640625
3_451 783 -15238 0.023895263671875 -0.46502685546875
3_452 23195 -30045 0.707855224609375 -0.916900634765625
3_453 -690 6951 -0.02105712890625 0.212127685546875
3_454 -11473 -22632 -0.350128173828125 -0.690673828125
3_455 -13448 11764 -0.410400390625 0.3590087890625
3_456 -15232 24398 -0.46484375 0.74456787109375
3_457 -2850 17886 -0.08697509765625 0.54583740234375
3_458 22761 19872 0.694610595703125 0.6064453125
3_459 -32016 -21389 -0.97705078125 -0.652740478515625
3_460 12651 18142 0.386077880859375 0.55364990234375
3_461 -27888 25580 -0.85107421875 0.7806396484375
3_462 2142 -1773 0.06536865234375 -0.054107666015625
3_463 -4861 -29255 -0.148345947265625 -0.892791748046875
3_464 -16782 29849 -0.51214599609375 0.910919189453125
3_465 10776 -443 0.328857421875 -0.013519287109375
3_466 -18949 12078 -0.578277587890625 0.36859130859375
3_467 577 29306 0.017608642578125 0.89434814453125
3_468 -16617 -23579 -0.507110595703125 -0.719573974609375
3_469 16092 15007 0.4910888671875 0.457977294921875
3_470 -5908 -7744 -0.1802978515625 -0.236328125
3_471 -8194 15845 -0.25006103515625 0.483551025390625
3_472 -27388 19749 -0.8358154296875 0.602691650390625
3_473 17916 -30964 0.5467529296875 -0.9449462890625
3_474 24617 -27857 0.751251220703125 -0.850128173828125
3_475 -10546 9552 -0.32183837890625 0.29150390625
3_476 17392 31856 0.53076171875 0.97216796875
3_477 7003 -5893 0.213714599609375 -0.179840087890625
3_478 -25509 31735 -0.778472900390625 0.968475341796875
3_479 -15239 14746 -0.465057373046875 0.45001220703125
3_480 4301 -17666 0.131256103515625 -0.53912353515625
3_481 20552 4177 0.627197265625 0.127471923828125
3_482 18014 3749 0.54974365234375 0.114410400390625
3_483 7977 -23527 0.243438720703125 -0.717987060546875
3_484 30403 -2462 0.927825927734375 -0.07513427734375
3_485 -1569 -3184 -0.047882080078125 -0.09716796875
3_486 -18073 5530 -0.551544189453125 0.16876220703125
3_487 14585 31006 0.445098876953125 0.94622802734375
3_488 -8322 -11506 -0.25396728515625 -0.35113525390625
3_489 -25029 -22990 -0.763824462890625 -0.70159912109375
3_490 3878 3082 0.11834716796875 0.09405517578125
3_491 19518 29293 0.59564208984375 0.893951416015625
3_492 -10280 24995 -0.313720703125 0.762786865234375
3_493 15509 20154 0.473297119140625 0.61505126953125
3_494 -13473 16894 -0.411163330078125 0.51556396484375
3_495 -11751 7215 -0.358612060546875 0.220184326171875
3_496 -4870 -16116 -0.14862060546875 -0.4918212890625
3_497 12654 -25057 0.38616943359375 -0.764678955078125
3_498 -21558 -11929 -0.65789794921875 -0.364044189453125
3_499 32318 -202 0.98626708984375 -0.00616455078125
3_500 -1699 -11925 -0.051849365234375 -0.363922119140625
3_501 -6835 -4466 -0.208587646484375 -0.13629150390625
3_502 12355 26731 0.377044677734375 0.815765380859375
3_503 -1029 7078 -0.031402587890625 0.21600341796875
3_504 27744 -16810 0.8466796875 -0.51300048828125
3_505 -13878 15277 -0.42352294921875 0.466217041015625
3_506 9882 29578 0.30157470703125 0.90264892578125
3_507 12767 -26802 0.389617919921875 -0.81793212890625
3_508 589 -12054 0.017974853515625 -0.36785888671875
3_509 9687 31446 0.295623779296875 0.95965576171875
3_510 -7037 16455 -0.214752197265625 0.502166748046875
3_511 25241 -9391 0.770294189453125 -0.286590576171875
# === Iteration 5 ===
4_0 30215 -21332 0.922088623046875 -0.6510009765625
4_1 -26738 30198 -0.81597900390625 0.92156982421875
4_2 -7820 18276 -0.2386474609375 0.5577392578125
4_3 -1298 31966 -0.03961181640625 0.97552490234375
4_4 -3902 -11183 -0.11907958984375 -0.341278076171875
4_5 -271 12300 -0.008270263671875 0.3753662109375
4_6 4482 -5144 0.13677978515625 -0.156982421875
4_7 15833 13596 0.483184814453125 0.4149169921875
4_8 24432 5581 0.74560546875 0.170318603515625
4_9 -17819 1647 -0.543792724609375 0.050262451171875
4_10 -18056 -23931 -0.551025390625 -0.730316162109375
4_11 18741 -9077 0.571929931640625 -0.277008056640625
4_12 24777 18251 0.756134033203125 0.556976318359375
4_13 -17716 13910 -0.5406494140625 0.42449951171875
4_14 29635 -23807 0.904388427734375 -0.726531982421875
4_15 7813 -10631 0.238433837890625 -0.324432373046875
4_16 12842 -28421 0.39190673828125 -0.867340087890625
4_17 -1386 10829 -0.04229736328125 0.330474853515625
4_18 -15120 -1083 -0.46142578125 -0.033050537109375
4_19 29881 -26279 0.911895751953125 -0.801971435546875
4_20 -9063 22984 -0.276580810546875 0.701416015625
4_21 20515 -2161 0.626068115234375 -0.065948486328125
4_22 -4658 7610 -0.14215087890625 0.23223876953125
4_23 6410 2313 0.19561767578125 0.070587158203125
4_24 -6481 -12444 -0.197784423828125 -0.3797607421875
4_25 26953 -16530 0.822540283203125 -0.50445556640625
4_26 -24459 -17144 -0.746429443359375 -0.523193359375
4_27 -29116 10337 -0.8885498046875 0.315460205078125
4_28 -1207 -5056 -0.036834716796875 -0.154296875
4_29 -1303 15690 -0.039764404296875 0.47882080078125
4_30 -9015 12651 -0.275115966796875 0.386077880859375
4_31 27413 16275 0.836578369140625 0.496673583984375
4_32 18475 -12183 0.563812255859375 -0.371795654296875
4_33 -11050 -23110 -0.33721923828125 -0.70526123046875
4_34 -32711 22317 -0.998260498046875 0.681060791015625
4_35 -20150 -2754 -0.61492919921875 -0.08404541015625
4_36 -11526 15433 -0.35174560546875 0.470977783203125
4_37 -26748 8160 -0.8162841796875 0.2490234375
4_38 964 20474 0.0294189453125 0.62481689453125
4_39 -1795 50 -0.054779052734375 0.00152587890625
4_40 -22972 -302 -0.7010498046875 -0.00921630859375
4_41 15925 -29158 0.485992431640625 -0.88983154296875
4_42 31381 26908 0.957672119140625 0.8211669921875
4_43 -11229 2119 -0.342681884765625 0.064666748046875
4_44 -31889 12955 -0.973175048828125 0.395355224609375
4_45 -29273 3968 -0.893341064453125 0.12109375
4_46 8888 -9510 0.271240234375 -0.29022216796875
4_47 16391 1234 0.500213623046875 0.03765869140625
4_48 -17974 14302 -0.54852294921875 0.43646240234375
4_49 -17288 -24605 -0.527587890625 -0.750885009765625
4_50 -16196 2812 -0.4942626953125 0.0858154296875
4_51 21393 -6264 0.652862548828125 -0.191162109375
4_52 -8675 29557 -0.264739990234375 0.902008056640625
4_53 22454 -32705 0.68524169921875 -0.998077392578125
4_54 -29123 31416 -0.888763427734375 0.958740234375
4_55 -25994 -21783 -0.79327392578125 -0.664764404296875
4_56 24933 -711 0.760894775390625 -0.021697998046875
4_57 31584 -25138 0.9638671875 -0.76715087890625
4_58 -17744 -29046 -0.54150390625 -0.88641357421875
4_59 -18783 -5249 -0.573211669921875 -0.160186767578125
4_60 28847 -28060 0.880340576171875 -0.8563232421875
4_61 -3134 564 -0.09564208984375 0.0172119140625
4_62 23794 -4933 0.72613525390625 -0.150543212890625
4_63 -3463 2941 -0.105682373046875 0.089752197265625
4_64 6958 21210 0.21234130859375 0.64727783203125
4_65 -15874 29554 -0.48443603515625 0.90191650390625
4_66 15201 17811 0.463897705078125 0.543548583984375
4_67 26589 -32605 0.811431884765625 -0.995025634765625
4_68 30463 2676 0.929656982421875 0.0816650390625
4_69 -13542 -12654 -0.41326904296875 -0.38616943359375
4_70 -104 -2437 -0.003173828125 -0.074371337890625
4_71 16613 21602 0.506988525390625 0.65924072265625
4_72 24644 2496 0.7520751953125 0.076171875
4_73 11890 21568 0.36285400390625 0.658203125
4_74 16899 8088 0.515716552734375 0.246826171875
4_75 24788 3750 0.7564697265625 0.11444091796875
4_76 31100 -9282 0.9490966796875 -0.28326416015625
4_77 -8851 4804 -0.270111083984375 0.1466064453125
4_78 22757 29072 0.694488525390625 0.88720703125
4_79 29893 15303 0.912261962890625 0.467010498046875
4_80 18252 30871 0.5570068359375 0.942108154296875
4_81 -27721 -11002 -0.845977783203125 -0.33575439453125
4_82 -616 12176 -0.018798828125 0.37158203125
4_83 1269 32386 0.038726806640625 0.98834228515625
4_84 -25328 -4260 -0.77294921875 -0.1300048828125
4_85 15492 -32104 0.4727783203125 -0.979736328125
4_86 -22010 -24635 -0.67169189453125 -0.751800537109375
4_87 -24381 -22784 -0.744049072265625 -0.6953125
4_88 4851 -7364 0.148040771484375 -0.2247314453125
4_89 9860 -22283 0.3009033203125 -0.680023193359375
4_90 1970 27344 0.06011962890625 0.83447265625
4_91 -22340 -26553 -0.6817626953125 -0.810333251953125
4_92 -5779 -23865 -0.176361083984375 -0.728302001953125
4_93 9614 -1440 0.29339599609375 -0.0439453125
4_94 -5929 14584 -0.180938720703125 0.445068359375
4_95 -29862 -8805 -0.91131591796875 -0.268707275390625
4_96 -28334 4653 -0.86468505859375 0.141998291015625
4_97 -6592 -5337 -0.201171875 -0.162872314453125
4_98 2912 12823 0.0888671875 0.391326904296875
4_99 -32202 -20049 -0.98272705078125 -0.611846923828125
4_100 2778 7055 0.08477783203125 0.215301513671875
4_101 17660 14880 0.5389404296875 0.4541015625
4_102 21713 -7279 0.662628173828125 -0.222137451171875
4_103 -279 -7762 -0.008514404296875 -0.23687744140625
4_104 29013 -9520 0.885406494140625 -0.29052734375
4_105 28433 7601 0.867706298828125 0.231964111328125
4_106 19800 30144 0.604248046875 0.919921875
4_107 -41 26225 -0.001251220703125 0.800323486328125
4_108 21609 17533 0.659454345703125 0.535064697265625
4_109 -3591 700 -0.109588623046875 0.0213623046875
4_110 24489 2221 0.747344970703125 0.067779541015625
4_111 30354 -14732 0.92633056640625 -0.4495849609375
4_112 -3314 -26191 -0.10113525390625 -0.799285888671875
4_113 -24075 18226 -0.734710693359375 0.55621337890625
4_114 -13743 -31215 -0.419403076171875 -0.952606201171875
4_115 -15706 21343 -0.47930908203125 0.651336669921875
4_116 1964 -27364 0.0599365234375 -0.8350830078125
4_117 28273 7729 0.862823486328125 0.235870361328125
4_118 16039 13529 0.489471435546875 0.412872314453125
4_119 1261 7722 0.038482666015625 0.23565673828125
4_120 -26622 -8306 -0.81243896484375 -0.25347900390625
4_121 -12297 -10261 -0.375274658203125 -0.313140869140625
4_122 -8049 -8007 -0.245635986328125 -0.244354248046875
4_123 -18243 3394 -0.556732177734375 0.10357666015625
4_124 9938 1182 0.30328369140625 0.03607177734375
4_125 30890 7109 0.94268798828125 0.216949462890625
4_126 -18007 30343 -0.549530029296875 0.925994873046875
4_127 -28268 -10197 -0.8626708984375 -0.311187744140625
4_128 -18336 -11685 -0.5595703125 -0.356597900390625
4_129 21876 16213 0.6676025390625 0.494781494140625
4_130 -18008 -29589 -0.549560546875 -0.902984619140625
4_131 5398 -13185 0.16473388671875 -0.402374267578125
4_132 22085 -14041 0.673980712890625 -0.428497314453125
4_133 -17544 -14010 -0.535400390625 -0.42755126953125
4_134 3302 27414 0.10076904296875 0.83660888671875
4_135 -13701 10330 -0.418121337890625 0.31524658203125
4_136 8759 793 0.267303466796875 0.024200439453125
4_137 -11663 23360 -0.355926513671875 0.712890625
4_138 -5767 -11368 -0.175994873046875 -0.346923828125
4_139 8635 -31107 0.263519287109375 -0.949310302734375
4_140 -27985 -15225 -0.854034423828125 -0.464630126953125
4_141 -5635 -19891 -0.171966552734375 -0.607025146484375
4_142 -3496 -5246 -0.106689453125 -0.16009521484375
4_143 26151 20680 0.798065185546875 0.631103515625
4_144 10138 -18013 0.30938720703125 -0.549713134765625
4_145 27920 10614 0.85205078125 0.32391357421875
4_146 -2223 28509 -0.067840576171875 0.870025634765625
4_147 10550 28110 0.32196044921875 0.85784912109375
4_148 -16259 -16571 -0.496185302734375 -0.505706787109375
4_149 -27644 11899 -0.8436279296875 0.363128662109375
4_150 10212 -30271 0.3116455078125 -0.923797607421875
4_151 -27731 26272 -0.846282958984375 0.8017578125
4_152 -16199 -2231 -0.494354248046875 -0.068084716796875
4_153 -13557 25824 -0.413726806640625 0.7880859375
4_154 -14772 29569 -0.4508056640625 0.902374267578125
4_155 -2965 4638 -0.090484619140625 0.14154052734375
4_156 22995 -11490 0.701751708984375 -0.35064697265625
4_157 -21 -14395 -6.40869140625E-4 -0.439300537109375
4_158 1843 20407 0.056243896484375 0.622772216796875
4_159 -19057 27481 -0.581573486328125 0.838653564453125
4_160 -22799 -20121 -0.695770263671875 -0.614044189453125
4_161 -20657 -2258 -0.630401611328125 -0.06890869140625
4_162 4588 -29526 0.1400146484375 -0.90106201171875
4_163 -26191 -26394 -0.799285888671875 -0.80548095703125
4_164 -16400 -23073 -0.50048828125 -0.704132080078125
4_165 -26847 446 -0.819305419921875 0.01361083984375
4_166 1081 28888 0.032989501953125 0.881591796875
4_167 -15258 21289 -0.46563720703125 0.649688720703125
4_168 -29242 1227 -0.89239501953125 0.037445068359375
4_169 26786 26630 0.81744384765625 0.81268310546875
4_170 29658 24997 0.90509033203125 0.762847900390625
4_171 -26032 -14362 -0.79443359375 -0.43829345703125
4_172 -2804 21930 -0.0855712890625 0.66925048828125
4_173 -19904 -13592 -0.607421875 -0.414794921875
4_174 10110 -8344 0.30853271484375 -0.254638671875
4_175 -2457 -11841 -0.074981689453125 -0.361358642578125
4_176 -8477 25356 -0.258697509765625 0.7738037109375
4_177 32355 -19787 0.987396240234375 -0.603851318359375
4_178 -22560 10465 -0.6884765625 0.319366455078125
4_179 -29880 -9641 -0.911865234375 -0.294219970703125
4_180 -15451 14232 -0.471527099609375 0.434326171875
4_181 -11860 8452 -0.3619384765625 0.2579345703125
4_182 -9974 -2465 -0.30438232421875 -0.075225830078125
4_183 -30544 1599 -0.93212890625 0.048797607421875
4_184 -25094 -1342 -0.76580810546875 -0.04095458984375
4_185 18523 11110 0.565277099609375 0.33905029296875
4_186 796 -15613 0.0242919921875 -0.476470947265625
4_187 -14736 23027 -0.44970703125 0.702728271484375
4_188 -26553 -13888 -0.810333251953125 -0.423828125
4_189 -28711 -20112 -0.876190185546875 -0.61376953125
4_190 -28398 -22278 -0.86663818359375 -0.67987060546875
4_191 -14470 24451 -0.44158935546875 0.746185302734375
4_192 22949 -9313 0.700347900390625 -0.284210205078125
4_193 24227 23768 0.739349365234375 0.725341796875
4_194 21341 -5214 0.651275634765625 -0.15911865234375
4_195 -7958 29873 -0.24285888671875 0.911651611328125
4_196 -27971 31145 -0.853607177734375 0.950469970703125
4_197 -9712 32379 -0.29638671875 0.988128662109375
4_198 17234 -5920 0.52593994140625 -0.1806640625
4_199 -19953 20894 -0.608917236328125 0.63763427734375
4_200 20026 -26770 0.61114501953125 -0.81695556640625
4_201 3743 1952 0.114227294921875 0.0595703125
4_202 -25667 20777 -0.783294677734375 0.634063720703125
4_203 -7190 -30641 -0.21942138671875 -0.935089111328125
4_204 -27712 8217 -0.845703125 0.250762939453125
4_205 15580 -11574 0.4754638671875 -0.35321044921875
4_206 -26080 13308 -0.7958984375 0.4061279296875
4_207 -10337 -19034 -0.315460205078125 -0.58087158203125
4_208 8073 24824 0.246368408203125 0.757568359375
4_209 16904 -21529 0.515869140625 -0.657012939453125
4_210 25449 -23334 0.776641845703125 -0.71209716796875
4_211 -31536 -9062 -0.96240234375 -0.27655029296875
4_212 19479 21321 0.594451904296875 0.650665283203125
4_213 20732 3000 0.6326904296875 0.091552734375
4_214 22061 31470 0.673248291015625 0.96038818359375
4_215 18913 -4926 0.577178955078125 -0.15032958984375
4_216 -12641 -5688 -0.385772705078125 -0.173583984375
4_217 -31470 18099 -0.96038818359375 0.552337646484375
4_218 -29790 -3081 -0.90911865234375 -0.094024658203125
4_219 -9834 -14975 -0.30010986328125 -0.457000732421875
4_220 -28120 -3969 -0.858154296875 -0.121124267578125
4_221 -27149 963 -0.828521728515625 0.029388427734375
4_222 26623 -11992 0.812469482421875 -0.365966796875
4_223 -15728 8054 -0.47998046875 0.24578857421875
4_224 -12181 32730 -0.371734619140625 0.99884033203125
4_225 6305 11180 0.192413330078125 0.3411865234375
4_226 -7700 -9460 -0.2349853515625 -0.2886962890625
4_227 18069 -23070 0.551422119140625 -0.70404052734375
4_228 -32000 32267 -0.9765625 0.984710693359375
4_229 18210 9711 0.55572509765625 0.296356201171875
4_230 -26592 -26711 -0.8115234375 -0.815155029296875
4_231 22708 12860 0.6929931640625 0.3924560546875
4_232 27235 11304 0.831146240234375 0.344970703125
4_233 15760 9326 0.48095703125 0.28460693359375
4_234 -7307 25698 -0.222991943359375 0.78424072265625
4_235 -23909 -29660 -0.729644775390625 -0.9051513671875
4_236 13264 18088 0.40478515625 0.552001953125
4_237 -1916 29502 -0.0584716796875 0.90032958984375
4_238 -11529 4963 -0.351837158203125 0.151458740234375
4_239 25286 18524 0.77166748046875 0.5653076171875
4_240 -17896 -11494 -0.546142578125 -0.35076904296875
4_241 9748 15960 0.2974853515625 0.487060546875
4_242 26292 -23920 0.8023681640625 -0.72998046875
4_243 -12717 24976 -0.388092041015625 0.76220703125
4_244 -1831 20288 -0.055877685546875 0.619140625
4_245 2029 798 0.061920166015625 0.02435302734375
4_246 28006 -24514 0.85467529296875 -0.74810791015625
4_247 25250 -4604 0.77056884765625 -0.1405029296875
4_248 3266 -26652 0.09967041015625 -0.8133544921875
4_249 14887 -4126 0.454315185546875 -0.12591552734375
4_250 8240 22581 0.25146484375 0.689117431640625
4_251 15370 -6798 0.46905517578125 -0.20745849609375
4_252 -31021 -30695 -0.946685791015625 -0.936737060546875
4_253 12268 -14364 0.3743896484375 -0.4383544921875
4_254 -2295 -3646 -0.070037841796875 -0.11126708984375
4_255 6226 17073 0.19000244140625 0.521026611328125
4_256 27579 955 0.841644287109375 0.029144287109375
4_257 -25580 32376 -0.7806396484375 0.988037109375
4_258 14216 15827 0.433837890625 0.483001708984375
4_259 9402 -4872 0.28692626953125 -0.148681640625
4_260 29635 -9636 0.904388427734375 -0.2940673828125
4_261 -14021 -24506 -0.427886962890625 -0.74786376953125
4_262 28472 4711 0.868896484375 0.143768310546875
4_263 6315 -17207 0.192718505859375 -0.525115966796875
4_264 -32017 -19977 -0.977081298828125 -0.609649658203125
4_265 6669 -12843 0.203521728515625 -0.391937255859375
4_266 24997 -18735 0.762847900390625 -0.571746826171875
4_267 26487 -24357 0.808319091796875 -0.743316650390625
4_268 -9150 -3316 -0.27923583984375 -0.1011962890625
4_269 -30787 -295 -0.939544677734375 -0.009002685546875
4_270 -3657 4744 -0.111602783203125 0.144775390625
4_271 -31558 24462 -0.96307373046875 0.74652099609375
4_272 17989 -32237 0.548980712890625 -0.983795166015625
4_273 -1573 487 -0.048004150390625 0.014862060546875
4_274 13608 1692 0.415283203125 0.0516357421875
4_275 20521 -20023 0.626251220703125 -0.611053466796875
4_276 12870 -5034 0.39276123046875 -0.15362548828125
4_277 -16357 -20328 -0.499176025390625 -0.620361328125
4_278 12312 -26636 0.375732421875 -0.8128662109375
4_279 -16626 31811 -0.50738525390625 0.970794677734375
4_280 -1290 -28517 -0.03936767578125 -0.870269775390625
4_281 19359 -25549 0.590789794921875 -0.779693603515625
4_282 -20984 22258 -0.640380859375 0.67926025390625
4_283 -15720 -17259 -0.479736328125 -0.526702880859375
4_284 31307 13901 0.955413818359375 0.424224853515625
4_285 -32017 -29847 -0.977081298828125 -0.910858154296875
4_286 19668 -16596 0.6002197265625 -0.5064697265625
4_287 15309 22433 0.467193603515625 0.684600830078125
4_288 -30247 30702 -0.923065185546875 0.93695068359375
4_289 -20313 -577 -0.619903564453125 -0.017608642578125
4_290 5472 8268 0.1669921875 0.2523193359375
4_291 -31025 22309 -0.946807861328125 0.680816650390625
4_292 31744 24583 0.96875 0.750213623046875
4_293 6786 3498 0.20709228515625 0.10675048828125
4_294 -4839 -189 -0.147674560546875 -0.005767822265625
4_295 -14172 19592 -0.4324951171875 0.597900390625
4_296 16296 -26125 0.497314453125 -0.797271728515625
4_297 -15528 30336 -0.473876953125 0.92578125
4_298 -15748 -14992 -0.4805908203125 -0.45751953125
4_299 -19498 32559 -0.59503173828125 0.993621826171875
4_300 -21661 -24033 -0.661041259765625 -0.733428955078125
4_301 -18398 14270 -0.56146240234375 0.43548583984375
4_302 -27064 347 -0.825927734375 0.010589599609375
4_303 -5756 17659 -0.1756591796875 0.538909912109375
4_304 24626 29612 0.75152587890625 0.9036865234375
4_305 -29393 19274 -0.897003173828125 0.58819580078125
4_306 27148 29474 0.8284912109375 0.89947509765625
4_307 30139 25518 0.919769287109375 0.77874755859375
4_308 -12469 19348 -0.380523681640625 0.5904541015625
4_309 24073 10406 0.734649658203125 0.31756591796875
4_310 -21461 -25396 -0.654937744140625 -0.7750244140625
4_311 10041 -23974 0.306427001953125 -0.73162841796875
4_312 12679 15273 0.386932373046875 0.466094970703125
4_313 -18484 23369 -0.5640869140625 0.713165283203125
4_314 -3943 -27391 -0.120330810546875 -0.835906982421875
4_315 -21521 -15837 -0.656768798828125 -0.483306884765625
4_316 -21902 29212 -0.66839599609375 0.8914794921875
4_317 21207 18066 0.647186279296875 0.55133056640625
4_318 -23331 26868 -0.712005615234375 0.8199462890625
4_319 27861 -4635 0.850250244140625 -0.141448974609375
4_320 25619 19560 0.781829833984375 0.596923828125
4_321 26145 19959 0.797882080078125 0.609100341796875
4_322 -2780 28797 -0.0848388671875 0.878814697265625
4_323 7421 20632 0.226470947265625 0.629638671875
4_324 11239 -31032 0.342987060546875 -0.947021484375
4_325 -21595 -896 -0.659027099609375 -0.02734375
4_326 18278 -27235 0.55780029296875 -0.831146240234375
4_327 -12055 -5507 -0.367889404296875 -0.168060302734375
4_328 -848 7056 -0.02587890625 0.21533203125
4_329 -7518 29339 -0.22943115234375 0.895355224609375
4_330 -30469 -18693 -0.929840087890625 -0.570465087890625
4_331 15501 -4762 0.473052978515625 -0.14532470703125
4_332 -5122 -20454 -0.15631103515625 -0.62420654296875
4_333 -18010 21980 -0.54962158203125 0.6707763671875
4_334 2571 -1261 0.078460693359375 -0.038482666015625
4_335 26517 -8015 0.809234619140625 -0.244598388671875
4_336 9643 -16616 0.294281005859375 -0.507080078125
4_337 -28772 -17847 -0.8780517578125 -0.544647216796875
4_338 -13882 8217 -0.42364501953125 0.250762939453125
4_339 -16192 -29249 -0.494140625 -0.892608642578125
4_340 -1368 2682 -0.041748046875 0.08184814453125
4_341 26721 292 0.815460205078125 0.0089111328125
4_342 -6831 -27941 -0.208465576171875 -0.852691650390625
4_343 -1421 15878 -0.043365478515625 0.48455810546875
4_344 -29759 16712 -0.908172607421875 0.510009765625
4_345 -14706 30060 -0.44879150390625 0.9173583984375
4_346 21188 23829 0.6466064453125 0.727203369140625
4_347 -31777 9214 -0.969757080078125 0.28118896484375
4_348 17488 12298 0.53369140625 0.37530517578125
4_349 -9862 -32117 -0.30096435546875 -0.980133056640625
4_350 12474 -13813 0.38067626953125 -0.421539306640625
4_351 -15542 -8052 -0.47430419921875 -0.2457275390625
4_352 11268 17579 0.3438720703125 0.536468505859375
4_353 -27737 -16949 -0.846466064453125 -0.517242431640625
4_354 -17856 -2471 -0.544921875 -0.075408935546875
4_355 28511 -2378 0.870086669921875 -0.07257080078125
4_356 4635 -22291 0.141448974609375 -0.680267333984375
4_357 -13545 -24662 -0.413360595703125 -0.75262451171875
4_358 24109 24137 0.735748291015625 0.736602783203125
4_359 -31076 -22610 -0.9483642578125 -0.69000244140625
4_360 -18489 -18212 -0.564239501953125 -0.5557861328125
4_361 31305 -18920 0.955352783203125 -0.577392578125
4_362 -28623 -7125 -0.873504638671875 -0.217437744140625
4_363 27957 8590 0.853179931640625 0.26214599609375
4_364 27301 9436 0.833160400390625 0.2879638671875
4_365 -27187 19758 -0.829681396484375 0.60296630859375
4_366 -22249 -18835 -0.678985595703125 -0.574798583984375
4_367 -21751 9039 -0.663787841796875 0.275848388671875
4_368 -3223 -24268 -0.098358154296875 -0.7406005859375
4_369 -20563 2049 -0.627532958984375 0.062530517578125
4_370 -27878 -3198 -0.85076904296875 -0.09759521484375
4_371 -25468 14551 -0.7772216796875 0.444061279296875
4_372 22578 -24779 0.68902587890625 -0.756195068359375
4_373 -12498 -22647 -0.38140869140625 -0.691131591796875
4_374 3649 -6201 0.111358642578125 -0.189239501953125
4_375 10882 31268 0.33209228515625 0.9542236328125
4_376 -19161 11881 -0.584747314453125 0.362579345703125
4_377 30864 18888 0.94189453125 0.576416015625
4_378 4120 18430 0.125732421875 0.56243896484375
4_379 18073 18670 0.551544189453125 0.56976318359375
4_380 22864 -12705 0.69775390625 -0.387725830078125
4_381 -8736 -16467 -0.2666015625 -0.502532958984375
4_382 8533 -9975 0.260406494140625 -0.304412841796875
4_383 31314 -8108 0.95562744140625 -0.2474365234375
4_384 26834 -21502 0.81890869140625 -0.65618896484375
4_385 -26886 13402 -0.82049560546875 0.40899658203125
4_386 -23775 -29694 -0.725555419921875 -0.90618896484375
4_387 20799 -21925 0.634735107421875 -0.669097900390625
4_388 -32528 32663 -0.99267578125 0.996795654296875
4_389 3151 17607 0.096160888671875 0.537322998046875
4_390 -27360 13269 -0.8349609375 0.404937744140625
4_391 -14598 14175 -0.44549560546875 0.432586669921875
4_392 15751 700 0.480682373046875 0.0213623046875
4_393 -2792 -11538 -0.085205078125 -0.35211181640625
4_394 -13187 -24585 -0.402435302734375 -0.750274658203125
4_395 11112 25530 0.339111328125 0.77911376953125
4_396 2796 -16349 0.0853271484375 -0.498931884765625
4_397 -6413 21498 -0.195709228515625 0.65606689453125
4_398 -29827 5614 -0.910247802734375 0.17132568359375
4_399 8420 -20412 0.2569580078125 -0.6229248046875
4_400 25167 -12087 0.768035888671875 -0.368865966796875
4_401 -1491 5411 -0.045501708984375 0.165130615234375
4_402 4207 -9810 0.128387451171875 -0.29937744140625
4_403 28963 4710 0.883880615234375 0.14373779296875
4_404 27151 -2839 0.828582763671875 -0.086639404296875
4_405 -3292 -2262 -0.1004638671875 -0.06903076171875
4_406 505 -19695 0.015411376953125 -0.601043701171875
4_407 30439 -30480 0.928924560546875 -0.93017578125
4_408 -2374 22777 -0.07244873046875 0.695098876953125
4_409 13965 27821 0.426177978515625 0.849029541015625
4_410 -27117 9449 -0.827545166015625 0.288360595703125
4_411 -15378 -27930 -0.46929931640625 -0.85235595703125
4_412 5248 16736 0.16015625 0.5107421875
4_413 2950 7103 0.09002685546875 0.216766357421875
4_414 -4046 22638 -0.12347412109375 0.69085693359375
4_415 31646 15853 0.96575927734375 0.483795166015625
4_416 -27538 -13886 -0.84039306640625 -0.42376708984375
4_417 21433 24440 0.654083251953125 0.745849609375
4_418 31348 -27128 0.9566650390625 -0.827880859375
4_419 -27557 -7650 -0.840972900390625 -0.23345947265625
4_420 -27729 -8456 -0.846221923828125 -0.258056640625
4_421 -4341 2672 -0.132476806640625 0.08154296875
4_422 -4901 -32062 -0.149566650390625 -0.97845458984375
4_423 -11625 -13995 -0.354766845703125 -0.427093505859375
4_424 -26970 -25292 -0.82305908203125 -0.7718505859375
4_425 30087 14166 0.918182373046875 0.43231201171875
4_426 19661 16341 0.600006103515625 0.498687744140625
4_427 -9728 -4021 -0.296875 -0.122711181640625
4_428 -25428 17874 -0.7760009765625 0.54547119140625
4_429 -12407 -22252 -0.378631591796875 -0.6790771484375
4_430 28289 -2018 0.863311767578125 -0.06158447265625
4_431 8787 -14321 0.268157958984375 -0.437042236328125
4_432 -31574 4810 -0.96356201171875 0.14678955078125
4_433 31071 14389 0.948211669921875 0.439117431640625
4_434 26886 23932 0.82049560546875 0.7303466796875
4_435 -2359 24247 -0.071990966796875 0.739959716796875
4_436 13818 18409 0.42169189453125 0.561798095703125
4_437 -4902 3960 -0.14959716796875 0.120849609375
4_438 -767 5710 -0.023406982421875 0.17425537109375
4_439 -6117 -25015 -0.186676025390625 -0.763397216796875
4_440 17460 1054 0.5328369140625 0.03216552734375
4_441 -16245 1488 -0.495758056640625 0.04541015625
4_442 9571 8613 0.292083740234375 0.262847900390625
4_443 17043 24895 0.520111083984375 0.759735107421875
4_444 12241 32667 0.373565673828125 0.996917724609375
4_445 -30305 14385 -0.924835205078125 0.438995361328125
4_446 -5975 -14627 -0.182342529296875 -0.446380615234375
4_447 10921 -3019 0.333282470703125 -0.092132568359375
4_448 -1838 -27254 -0.05609130859375 -0.83172607421875
4_449 29345 8683 0.895538330078125 0.264984130859375
4_450 2148 -17495 0.0655517578125 -0.533905029296875
4_451 -993 15500 -0.030303955078125 0.4730224609375
4_452 29652 -19817 0.9049072265625 -0.604766845703125
4_453 -14706 -10628 -0.44879150390625 -0.3243408203125
4_454 23582 -13880 0.71966552734375 -0.423583984375
4_455 26786 9238 0.81744384765625 0.28192138671875
4_456 -19147 -31841 -0.584320068359375 -0.971710205078125
4_457 25852 -21488 0.7889404296875 -0.65576171875
4_458 31711 25592 0.967742919921875 0.781005859375
4_459 -25511 6692 -0.778533935546875 0.2042236328125
4_460 -3778 2603 -0.11529541015625 0.079437255859375
4_461 12628 -26084 0.3853759765625 -0.7960205078125
4_462 -8733 18383 -0.266510009765625 0.561004638671875
4_463 24558 29313 0.74945068359375 0.894561767578125
4_464 25461 3730 0.777008056640625 0.11383056640625
4_465 5190 -13360 0.15838623046875 -0.40771484375
4_466 -19900 -32614 -0.6072998046875 -0.99530029296875
4_467 -14090 11052 -0.42999267578125 0.3372802734375
4_468 10880 16891 0.33203125 0.515472412109375
4_469 5134 27199 0.15667724609375 0.830047607421875
4_470 -26971 -8854 -0.823089599609375 -0.27020263671875
4_471 -29998 10731 -0.91546630859375 0.327484130859375
4_472 -30387 -15237 -0.927337646484375 -0.464996337890625
4_473 23838 28297 0.72747802734375 0.863555908203125
4_474 -19676 13019 -0.6004638671875 0.397308349609375
4_475 25436 21243 0.7762451171875 0.648284912109375
4_476 -22185 11803 -0.677032470703125 0.360198974609375
4_477 -11691 24673 -0.356781005859375 0.752960205078125
4_478 -3795 -28829 -0.115814208984375 -0.879791259765625
4_479 28661 -3458 0.874664306640625 -0.10552978515625
4_480 -12984 -21629 -0.396240234375 -0.660064697265625
4_481 -7988 16816 -0.2437744140625 0.51318359375
4_482 -15396 -8431 -0.4698486328125 -0.257293701171875
4_483 28907 -11667 0.882171630859375 -0.356048583984375
4_484 -8626 14730 -0.26324462890625 0.44952392578125
4_485 -7970 -29634 -0.24322509765625 -0.90435791015625
4_486 26898 23064 0.82086181640625 0.703857421875
4_487 8739 -216 0.266693115234375 -0.006591796875
4_488 25055 -29452 0.764617919921875 -0.8988037109375
4_489 17162 4766 0.52374267578125 0.14544677734375
4_490 -24195 32658 -0.738372802734375 0.99664306640625
4_491 -9838 -21259 -0.30023193359375 -0.648773193359375
4_492 12481 -16876 0.380889892578125 -0.5150146484375
4_493 9391 -13890 0.286590576171875 -0.42388916015625
4_494 -25322 19542 -0.77276611328125 0.59637451171875
4_495 -29453 -5897 -0.898834228515625 -0.179962158203125
4_496 -17516 25130 -0.5345458984375 0.76690673828125
4_497 -21020 -798 -0.6414794921875 -0.02435302734375
4_498 16619 -11325 0.507171630859375 -0.345611572265625
4_499 14776 -16258 0.450927734375 -0.49615478515625
4_500 17475 22169 0.533294677734375 0.676544189453125
4_501 -14623 12775 -0.446258544921875 0.389862060546875
4_502 -1479 24293 -0.045135498046875 0.741363525390625
4_503 27448 20917 0.837646484375 0.638336181640625
4_504 14070 9323 0.42938232421875 0.284515380859375
4_505 18601 4117 0.567657470703125 0.125640869140625
4_506 2595 -17323 0.079193115234375 -0.528656005859375
4_507 17534 -14075 0.53509521484375 -0.429534912109375
4_508 -18294 -29520 -0.55828857421875 -0.90087890625
4_509 -13820 -4135 -0.4217529296875 -0.126190185546875
4_510 -27514 31153 -0.83966064453125 0.950714111328125
4_511 1104 -22842 0.03369140625 -0.69708251953125
